location_name,permit_number,start_time,stop_time,duration_minutes
331 SNEINTON DALE CSO,SVT00005,2026-04-12T12:49:04,2026-04-12T12:59:19,10.25
331 SNEINTON DALE CSO,SVT00005,2026-04-12T13:06:52,2026-04-12T13:17:00,10.133333
ABBERLEY PUMPING STATION,SVT00015,2026-04-04T21:27:58,2026-04-04T21:30:41,2.716667
ABBEY ROAD - EVESHAM SPS,SVT00019,2026-04-15T16:44:04,2026-04-15T17:21:28,37.4
ACRESFORD SEWAGE PUMPING STATION,SVT00024,2026-04-28T03:15:39,2026-04-28T03:28:23,12.733333
ACRESFORD SEWAGE PUMPING STATION,SVT00024,2026-04-28T03:31:39,2026-04-28T03:34:22,2.716667
ALFRICK CLAY GREEN STW,SVT00049,2026-04-06T06:55:00,2026-04-06T12:47:19,352.316667
ALFRICK CLAY GREEN STW,SVT00049,2026-04-19T08:24:40,2026-04-19T08:49:03,24.383333
ALFRICK CLAY GREEN STW,SVT00049,2026-04-20T07:27:23,2026-04-20T07:48:59,21.6
ALLESLEY - BIRMINGHAM ROAD (CSO),SVT01372,2026-04-12T18:26:28,2026-04-12T18:47:27,20.983333
ALVASTON CSO,SVT00065,2026-04-12T13:27:09,2026-04-12T13:46:26,19.283333
ALVASTON CSO,SVT00065,2026-04-27T17:43:41,2026-04-27T19:38:56,115.25
ALVECHURCH SEWAGE TREATMENT WORKS,SVT00066,2026-04-05T10:28:08,2026-04-05T10:36:11,8.05
ALVECHURCH SEWAGE TREATMENT WORKS,SVT00066,2026-04-05T11:39:01,2026-04-05T11:53:00,13.983333
APOLLO ENGINEERING SITE CSO,SVT00087,2026-04-12T12:36:44,2026-04-12T12:45:47,9.05
APOLLO ENGINEERING SITE CSO,SVT00087,2026-04-12T15:06:38,2026-04-12T15:19:53,13.25
APOLLO ENGINEERING SITE CSO,SVT00087,2026-04-15T16:43:36,2026-04-15T16:57:56,14.333333
ARBOR ROAD CSO,SVT00088,2026-04-15T16:57:25,2026-04-15T17:04:00,6.583333
AREAS MILFORD & BELPER/SM & EM O/F,SVT00097,2026-04-05T09:58:52,2026-04-05T10:42:58,44.1
AREAS MILFORD & BELPER/SM & EM O/F,SVT00097,2026-04-27T16:54:43,2026-04-27T17:59:41,64.966667
AREAS MILFORD & BELPER/SM & EM O/F,SVT00091,2026-04-27T17:02:44,2026-04-27T17:14:07,11.383333
AREAS MILFORD & BELPER/SM & EM O/F,SVT00091,2026-04-27T17:31:55,2026-04-27T17:36:29,4.566667
ARELEY KINGS PUMPING STATION,SVT00101,2026-04-21T00:01:22,2026-04-21T00:18:41,17.316667
ARELEY KINGS PUMPING STATION,SVT00101,2026-04-22T11:22:37,2026-04-22T11:55:41,33.066667
ARMTHORPE - COWTHORPE LANE CSO,SVT00108,2026-04-12T14:14:04,2026-04-12T14:20:56,6.866667
"ASFORDBY,KIRBY BELLARS,ROTHERBY PSS",SVT00115,2026-04-26T12:21:59,2026-04-26T12:24:54,2.916667
"ASFORDBY,KIRBY BELLARS,ROTHERBY PSS",SVT00115,2026-04-26T12:27:07,2026-04-26T12:28:54,1.783333
"ASFORDBY,KIRBY BELLARS,ROTHERBY PSS",SVT00115,2026-04-26T12:31:07,2026-04-26T12:37:00,5.883333
ASHBOURNE STW,SVT00118,2026-04-09T18:59:29,2026-04-09T19:10:27,10.966667
ASHBOURNE STW,SVT00118,2026-04-09T19:13:24,2026-04-09T19:37:02,23.633333
ASHBY RD/STAPENHILL RD JCN SSO,SVT00123,2026-04-01T18:17:15,2026-04-01T18:24:06,6.85
ASHBY RD/STAPENHILL RD JCN SSO,SVT00123,2026-04-04T18:08:43,2026-04-04T18:13:33,4.833333
ASHBY RD/STAPENHILL RD JCN SSO,SVT00123,2026-04-06T17:32:30,2026-04-06T17:37:40,5.166667
ASHBY RD/STAPENHILL RD JCN SSO,SVT00123,2026-04-06T17:45:01,2026-04-06T19:07:54,82.883333
ASHBY RD/STAPENHILL RD JCN SSO,SVT00123,2026-04-06T19:22:33,2026-04-06T19:52:43,30.166667
ASHBY RD/STAPENHILL RD JCN SSO,SVT00123,2026-04-06T20:07:13,2026-04-06T20:27:00,19.783333
ASHBY RD/STAPENHILL RD JCN SSO,SVT00123,2026-04-09T21:43:24,2026-04-09T21:53:00,9.6
ASHBY RD/STAPENHILL RD JCN SSO,SVT00123,2026-04-09T23:11:00,2026-04-09T23:31:00,20.0
ASHBY RD/STAPENHILL RD JCN SSO,SVT00123,2026-04-10T00:23:00,2026-04-10T01:01:00,38.0
ASHBY RD/STAPENHILL RD JCN SSO,SVT00123,2026-04-10T07:19:00,2026-04-10T08:01:37,42.616667
ASHBY RD/STAPENHILL RD JCN SSO,SVT00123,2026-04-10T08:40:28,2026-04-10T08:42:47,2.316667
ASHBY RD/STAPENHILL RD JCN SSO,SVT00123,2026-04-12T18:10:36,2026-04-12T18:20:09,9.55
ASHBY RD/STAPENHILL RD JCN SSO,SVT00123,2026-04-12T18:23:05,2026-04-12T18:24:33,1.466667
ASHBY RD/STAPENHILL RD JCN SSO,SVT00123,2026-04-12T18:31:53,2026-04-12T18:48:58,17.083333
ASHBY RD/STAPENHILL RD JCN SSO,SVT00123,2026-04-12T18:56:09,2026-04-13T05:11:02,614.883333
ASHBY RD/STAPENHILL RD JCN SSO,SVT00123,2026-04-13T05:17:17,2026-04-13T06:19:26,62.15
ASHBY RD/STAPENHILL RD JCN SSO,SVT00123,2026-04-15T14:58:38,2026-04-15T15:01:10,2.533333
ASHBY RD/STAPENHILL RD JCN SSO,SVT00123,2026-04-15T18:32:07,2026-04-15T18:37:54,5.783333
ASHBY RD/STAPENHILL RD JCN SSO,SVT00123,2026-04-15T18:38:26,2026-04-15T21:21:32,163.1
ASHBY RD/STAPENHILL RD JCN SSO,SVT00123,2026-04-17T03:45:35,2026-04-17T03:47:07,1.533333
ASHBY RD/STAPENHILL RD JCN SSO,SVT00123,2026-04-17T03:50:37,2026-04-17T03:55:36,4.983333
ASHBY RD/STAPENHILL RD JCN SSO,SVT00123,2026-04-17T16:28:35,2026-04-17T16:31:49,3.233333
ASHBY RD/STAPENHILL RD JCN SSO,SVT00123,2026-04-17T19:00:18,2026-04-17T19:08:00,7.7
ASHBY RD/STAPENHILL RD JCN SSO,SVT00123,2026-04-18T01:26:39,2026-04-18T01:28:37,1.966667
ASHBY RD/STAPENHILL RD JCN SSO,SVT00123,2026-04-18T01:32:29,2026-04-18T01:39:43,7.233333
ASHBY RD/STAPENHILL RD JCN SSO,SVT00123,2026-04-18T01:44:17,2026-04-18T04:03:00,138.716667
ASHBY RD/STAPENHILL RD JCN SSO,SVT00123,2026-04-18T04:08:52,2026-04-18T04:12:48,3.933333
ASHBY RD/STAPENHILL RD JCN SSO,SVT00123,2026-04-20T06:06:47,2026-04-20T06:17:13,10.433333
ASHBY RD/STAPENHILL RD JCN SSO,SVT00123,2026-04-20T07:07:00,2026-04-20T07:13:31,6.516667
ASHBY RD/STAPENHILL RD JCN SSO,SVT00123,2026-04-20T13:38:49,2026-04-20T13:41:09,2.333333
ASHBY RD/STAPENHILL RD JCN SSO,SVT00123,2026-04-20T13:46:52,2026-04-20T13:51:14,4.366667
ASHBY RD/STAPENHILL RD JCN SSO,SVT00123,2026-04-20T13:58:46,2026-04-20T14:07:12,8.433333
ASHBY RD/STAPENHILL RD JCN SSO,SVT00123,2026-04-20T14:10:48,2026-04-20T14:13:13,2.416667
ASHBY RD/STAPENHILL RD JCN SSO,SVT00123,2026-04-20T14:28:51,2026-04-20T14:59:01,30.166667
ASHBY RD/STAPENHILL RD JCN SSO,SVT00123,2026-04-20T15:00:54,2026-04-20T16:13:02,72.133333
ASHBY RD/STAPENHILL RD JCN SSO,SVT00123,2026-04-20T16:14:55,2026-04-20T16:23:55,9.0
ASHBY RD/STAPENHILL RD JCN SSO,SVT00123,2026-04-20T16:24:07,2026-04-20T18:15:49,111.7
ASHBY RD/STAPENHILL RD JCN SSO,SVT00123,2026-04-20T18:43:47,2026-04-20T18:47:43,3.933333
ASHBY RD/STAPENHILL RD JCN SSO,SVT00123,2026-04-20T19:08:23,2026-04-20T19:17:33,9.166667
ASHBY RD/STAPENHILL RD JCN SSO,SVT00123,2026-04-21T17:53:33,2026-04-21T17:56:23,2.833333
ASHBY RD/STAPENHILL RD JCN SSO,SVT00123,2026-04-22T07:11:35,2026-04-22T07:23:59,12.4
ASHBY RD/STAPENHILL RD JCN SSO,SVT00123,2026-04-22T18:26:26,2026-04-22T18:43:39,17.216667
ASHBY RD/STAPENHILL RD JCN SSO,SVT00123,2026-04-23T17:16:55,2026-04-23T17:19:06,2.183333
ASHBY RD/STAPENHILL RD JCN SSO,SVT00123,2026-04-23T17:27:04,2026-04-23T17:39:20,12.266667
ASHBY RD/STAPENHILL RD JCN SSO,SVT00123,2026-04-23T18:10:55,2026-04-23T18:12:56,2.016667
ASHBY RD/STAPENHILL RD JCN SSO,SVT00123,2026-04-25T00:03:00,2026-04-25T00:17:00,14.0
ASHBY RD/STAPENHILL RD JCN SSO,SVT00123,2026-04-25T00:37:00,2026-04-25T00:47:00,10.0
ASHBY RD/STAPENHILL RD JCN SSO,SVT00123,2026-04-25T03:14:01,2026-04-25T03:26:14,12.216667
ASHBY RD/STAPENHILL RD JCN SSO,SVT00123,2026-04-25T05:57:00,2026-04-25T06:07:00,10.0
ASHBY RD/STAPENHILL RD JCN SSO,SVT00123,2026-04-25T07:46:20,2026-04-25T08:06:39,20.316667
ASHBY RD/STAPENHILL RD JCN SSO,SVT00123,2026-04-29T20:43:12,2026-04-29T20:55:41,12.483333
ASHBY RD/STAPENHILL RD JCN SSO,SVT00123,2026-04-30T19:44:56,2026-04-30T20:19:21,34.416667
ASHLEY SEWAGE TREATMENT WORKS,SVT00126,2026-04-03T17:57:09,2026-04-03T18:01:25,4.266667
ASHLEY SEWAGE TREATMENT WORKS,SVT00126,2026-04-12T10:31:49,2026-04-12T10:32:43,0.9
ASHLEY SEWAGE TREATMENT WORKS,SVT00126,2026-04-12T10:36:40,2026-04-12T11:01:07,24.45
ASHLEY SEWAGE TREATMENT WORKS,SVT00126,2026-04-12T12:00:29,2026-04-12T12:05:39,5.166667
ASHLEY SEWAGE TREATMENT WORKS,SVT00126,2026-04-12T12:18:16,2026-04-12T12:23:24,5.133333
ASHLEY SEWAGE TREATMENT WORKS,SVT00126,2026-04-12T12:25:14,2026-04-12T12:27:02,1.8
ASHLEY SEWAGE TREATMENT WORKS,SVT00126,2026-04-12T16:41:06,2026-04-12T16:51:49,10.716667
ASHLEY SEWAGE TREATMENT WORKS,SVT00126,2026-04-12T16:52:06,2026-04-12T16:55:41,3.583333
ASHLEY SEWAGE TREATMENT WORKS,SVT00126,2026-04-12T16:56:26,2026-04-12T17:10:10,13.733333
ASHLEY SEWAGE TREATMENT WORKS,SVT00126,2026-04-12T17:13:50,2026-04-12T17:44:55,31.083333
ASHLEY SEWAGE TREATMENT WORKS,SVT00126,2026-04-12T17:53:07,2026-04-12T17:54:36,1.483333
ASHLEY SEWAGE TREATMENT WORKS,SVT00126,2026-04-14T19:18:31,2026-04-14T19:22:07,3.6
ASHLEY SEWAGE TREATMENT WORKS,SVT00126,2026-04-19T03:09:14,2026-04-19T03:47:38,38.4
ASHLEY SEWAGE TREATMENT WORKS,SVT00126,2026-04-19T03:51:46,2026-04-19T03:52:29,0.716667
ASHLEY SEWAGE TREATMENT WORKS,SVT00126,2026-04-19T03:55:09,2026-04-19T04:06:03,10.9
ASHLEY SEWAGE TREATMENT WORKS,SVT00126,2026-04-19T04:23:56,2026-04-19T04:24:03,0.116667
ASHLEY SEWAGE TREATMENT WORKS,SVT00126,2026-04-19T04:27:55,2026-04-19T04:29:43,1.8
ASHLEY SEWAGE TREATMENT WORKS,SVT00126,2026-04-19T04:35:39,2026-04-19T04:39:25,3.766667
ASHLEY SEWAGE TREATMENT WORKS,SVT00126,2026-04-19T04:53:39,2026-04-19T04:54:22,0.716667
ASHLEY SEWAGE TREATMENT WORKS,SVT00126,2026-04-19T06:47:39,2026-04-19T06:49:01,1.366667
ASHLEY SEWAGE TREATMENT WORKS,SVT00126,2026-04-19T07:12:49,2026-04-19T07:14:26,1.616667
ASHLEY SEWAGE TREATMENT WORKS,SVT00126,2026-04-19T07:20:00,2026-04-19T07:20:13,0.216667
ASHLEY SEWAGE TREATMENT WORKS,SVT00126,2026-04-19T07:36:18,2026-04-19T07:38:30,2.2
ASHLEY SEWAGE TREATMENT WORKS,SVT00126,2026-04-19T07:41:20,2026-04-19T07:42:55,1.583333
ASHLEY SEWAGE TREATMENT WORKS,SVT00126,2026-04-19T07:47:18,2026-04-19T07:48:43,1.416667
ASHLEY SEWAGE TREATMENT WORKS,SVT00126,2026-04-19T08:04:56,2026-04-19T08:07:05,2.15
ASHLEY SEWAGE TREATMENT WORKS,SVT00126,2026-04-19T08:13:48,2026-04-19T08:15:43,1.916667
ASHLEY SEWAGE TREATMENT WORKS,SVT00126,2026-04-19T08:22:36,2026-04-19T08:24:22,1.766667
ASHLEY SEWAGE TREATMENT WORKS,SVT00126,2026-04-19T08:28:12,2026-04-19T08:31:05,2.883333
ASHLEY SEWAGE TREATMENT WORKS,SVT00126,2026-04-19T08:41:18,2026-04-19T08:43:25,2.116667
ASHLEY SEWAGE TREATMENT WORKS,SVT00126,2026-04-19T08:44:18,2026-04-19T09:02:52,18.566667
ASHLEY SEWAGE TREATMENT WORKS,SVT00126,2026-04-19T09:05:09,2026-04-19T09:07:43,2.566667
ASHLEY SEWAGE TREATMENT WORKS,SVT00126,2026-04-19T09:08:09,2026-04-19T09:19:49,11.666667
ASHLEY SEWAGE TREATMENT WORKS,SVT00126,2026-04-19T09:20:09,2026-04-19T09:28:29,8.333333
ASHLEY SEWAGE TREATMENT WORKS,SVT00126,2026-04-19T09:33:18,2026-04-19T09:34:22,1.066667
ASHLEY SEWAGE TREATMENT WORKS,SVT00126,2026-04-19T09:42:39,2026-04-19T09:52:13,9.566667
ASHLEY SEWAGE TREATMENT WORKS,SVT00126,2026-04-19T09:55:16,2026-04-19T09:57:15,1.983333
ASHLEY SEWAGE TREATMENT WORKS,SVT00126,2026-04-19T09:58:31,2026-04-19T10:07:43,9.2
ASHLEY SEWAGE TREATMENT WORKS,SVT00126,2026-04-19T10:11:39,2026-04-19T10:13:25,1.766667
ASHLEY SEWAGE TREATMENT WORKS,SVT00126,2026-04-19T10:16:18,2026-04-19T10:18:41,2.383333
ASHLEY SEWAGE TREATMENT WORKS,SVT00126,2026-04-19T10:29:39,2026-04-19T10:30:17,0.633333
ASHLEY SEWAGE TREATMENT WORKS,SVT00126,2026-04-19T10:34:50,2026-04-19T10:37:03,2.216667
ASHLEY SEWAGE TREATMENT WORKS,SVT00126,2026-04-19T22:42:00,2026-04-19T22:42:02,0.033333
ASHLEY SEWAGE TREATMENT WORKS,SVT00126,2026-04-19T22:59:08,2026-04-19T23:00:30,1.366667
ASHOVER STW,SVT00130,2026-04-04T13:39:47,2026-04-04T13:57:33,17.766667
ASHOVER STW,SVT00130,2026-04-04T14:23:41,2026-04-04T14:38:15,14.566667
ASHOVER STW,SVT00130,2026-04-15T14:49:36,2026-04-15T15:16:35,26.983333
ASHOVER STW,SVT00130,2026-04-15T16:44:45,2026-04-15T16:49:12,4.45
ASTON - TRINITY RD/LODGE RD (CSO),SVT02346,2026-04-16T05:35:31,2026-04-16T05:44:36,9.083333
ATHERSTONE SEWAGE TREATMENT WORKS,SVT00144,2026-04-15T12:09:36,2026-04-15T12:26:20,16.733333
ATHERSTONE SEWAGE TREATMENT WORKS,SVT00144,2026-04-15T16:31:34,2026-04-15T16:58:52,27.3
ATHERSTONE SEWAGE TREATMENT WORKS,SVT00145,2026-04-15T16:35:20,2026-04-15T16:55:18,19.966667
AUSTREY - WARTON LANE SPS (CSO),SVT00149,2026-04-15T16:23:23,2026-04-15T17:03:01,39.633333
AUSTREY - WARTON LANE SPS (CSO),SVT00149,2026-04-23T18:28:49,2026-04-23T18:46:10,17.35
BACON SPRINGS CSO,SVT00154,2026-04-15T15:27:37,2026-04-15T15:42:28,14.85
BAGTHORPE (CSO),SVT00869,2026-04-12T12:18:02,2026-04-12T12:37:38,19.6
BAKEWELL SEWAGE TREATMENT WORKS,SVT00161,2026-04-04T21:51:19,2026-04-04T21:54:42,3.383333
BAKEWELL SEWAGE TREATMENT WORKS,SVT00161,2026-04-04T22:03:20,2026-04-04T22:04:42,1.366667
BAKEWELL SEWAGE TREATMENT WORKS,SVT00161,2026-04-12T05:37:20,2026-04-12T05:38:41,1.35
BAKEWELL SEWAGE TREATMENT WORKS,SVT00161,2026-04-12T05:49:20,2026-04-12T05:50:41,1.35
BALSALL COMMON WWTW,SVT00166,2026-04-12T19:34:49,2026-04-12T20:43:58,69.15
BARLASTON - BARLASTON SSO,SVT02659,2026-04-12T11:03:11,2026-04-12T12:09:05,65.9
BARLASTON OLD ROAD CSO,SVT00177,2026-04-16T04:30:36,2026-04-16T04:34:48,4.2
BARLASTON OLD ROAD CSO,SVT00177,2026-04-16T04:43:33,2026-04-16T04:46:40,3.116667
BARWELL - THE COMMON PUMPING STN,SVT00624,2026-04-12T14:08:31,2026-04-12T14:22:13,13.7
BASCHURCH - WALFORD HEATH SPS (EO),SVT02424,2026-04-06T19:13:34,2026-04-06T19:23:04,9.5
BASCHURCH - WALFORD HEATH SPS (EO),SVT02424,2026-04-07T04:23:49,2026-04-07T04:27:33,3.733333
BASCHURCH - WALFORD HEATH SPS (EO),SVT02424,2026-04-07T04:30:48,2026-04-07T04:33:03,2.25
BASCHURCH - WALFORD HEATH SPS (EO),SVT02424,2026-04-07T04:40:48,2026-04-07T04:42:42,1.9
BASCHURCH - WALFORD HEATH SPS (EO),SVT02424,2026-04-07T04:45:13,2026-04-07T04:49:26,4.216667
BASCHURCH - WALFORD HEATH SPS (EO),SVT02424,2026-04-08T00:08:58,2026-04-08T00:11:59,3.016667
BASCHURCH - WALFORD HEATH SPS (EO),SVT02424,2026-04-08T17:44:35,2026-04-08T17:57:01,12.433333
BASCHURCH - WALFORD HEATH SPS (EO),SVT02424,2026-04-08T17:58:49,2026-04-08T19:05:06,66.283333
BASCHURCH - WALFORD HEATH SPS (EO),SVT02424,2026-04-08T22:43:02,2026-04-08T22:46:51,3.816667
BASCHURCH - WALFORD HEATH SPS (EO),SVT02424,2026-04-08T22:48:59,2026-04-08T22:55:27,6.466667
BASCHURCH - WALFORD HEATH SPS (EO),SVT02424,2026-04-08T22:58:08,2026-04-08T23:05:11,7.05
BASCHURCH - WALFORD HEATH SPS (EO),SVT02424,2026-04-08T23:13:04,2026-04-08T23:33:52,20.8
BASCHURCH - WALFORD HEATH SPS (EO),SVT02424,2026-04-08T23:34:06,2026-04-08T23:37:04,2.966667
BASCHURCH - WALFORD HEATH SPS (EO),SVT02424,2026-04-08T23:38:50,2026-04-08T23:43:20,4.5
BASCHURCH - WALFORD HEATH SPS (EO),SVT02424,2026-04-08T23:45:12,2026-04-09T00:59:51,74.65
BASCHURCH - WALFORD HEATH SPS (EO),SVT02424,2026-04-09T01:00:10,2026-04-09T03:44:48,164.633333
BASCHURCH - WALFORD HEATH SPS (EO),SVT02424,2026-04-09T03:46:55,2026-04-09T05:20:36,93.683333
BAYSTON ROAD CSO,SVT00210,2026-04-12T17:40:39,2026-04-12T17:46:35,5.933333
BAYSTON ROAD CSO,SVT00210,2026-04-15T16:00:42,2026-04-15T16:18:24,17.7
BEACON HILL ROAD CSO,SVT00211,2026-04-12T13:44:49,2026-04-12T13:51:47,6.966667
BEACON HILL ROAD CSO,SVT00211,2026-04-12T14:31:22,2026-04-12T14:32:56,1.566667
BEACON HILL ROAD CSO,SVT00211,2026-04-12T14:36:41,2026-04-12T14:41:10,4.483333
BEACON HILL ROAD CSO,SVT00211,2026-04-15T17:24:23,2026-04-15T17:29:40,5.283333
BEACON HILL ROAD CSO,SVT00211,2026-04-23T13:19:03,2026-04-23T13:21:04,2.016667
BEACON HILL ROAD CSO,SVT00211,2026-04-23T14:07:03,2026-04-23T14:09:04,2.016667
BESCOT CRES/BROCKHURST CRESCENT CSO,SVT00259,2026-04-15T15:51:56,2026-04-15T15:55:55,3.983333
BIDFORD ON AVON STW,SVT00263,2026-04-02T07:53:11,2026-04-02T08:07:12,14.016667
BIDFORD ON AVON STW,SVT00263,2026-04-02T08:31:24,2026-04-02T09:47:11,75.783333
BIDFORD ON AVON STW,SVT00263,2026-04-02T11:47:33,2026-04-02T11:48:33,1.0
BIDFORD ON AVON STW,SVT00263,2026-04-02T12:31:00,2026-04-02T12:32:22,1.366667
BIDFORD ON AVON STW,SVT00263,2026-04-02T18:11:00,2026-04-02T18:12:24,1.4
BIDFORD ON AVON STW,SVT00263,2026-04-02T18:44:00,2026-04-02T18:54:43,10.716667
BINGHAM ROAD CSO,SVT00267,2026-04-12T12:59:30,2026-04-12T14:49:10,109.666667
BINGHAM ROAD CSO,SVT00267,2026-04-12T15:57:44,2026-04-12T16:07:56,10.2
BINGHAM ROAD CSO,SVT00267,2026-04-12T16:14:08,2026-04-12T16:19:37,5.483333
BINGHAM ROAD CSO,SVT00267,2026-04-15T17:09:33,2026-04-15T17:46:27,36.9
BLACKFORD CSO,SVT00283,2026-04-15T15:41:57,2026-04-15T15:50:29,8.533333
BLACKWELL - GLOVES LANE TERMINAL PS,SVT00288,2026-04-11T20:08:48,2026-04-11T20:21:13,12.416667
BLACKWELL - GLOVES LANE TERMINAL PS,SVT00288,2026-04-11T20:37:08,2026-04-11T21:20:00,42.866667
BLACKWELL - GLOVES LANE TERMINAL PS,SVT00288,2026-04-11T21:40:00,2026-04-11T22:33:12,53.2
BLAKENEY SEWAGE TREATMENT WORKS,SVT00289,2026-04-07T09:43:34,2026-04-07T09:46:21,2.783333
BLAKENEY SEWAGE TREATMENT WORKS,SVT00289,2026-04-15T14:10:00,2026-04-15T15:20:00,70.0
BLAKENEY SEWAGE TREATMENT WORKS,SVT00289,2026-04-15T16:25:56,2026-04-15T17:35:00,69.066667
BLAKENEY STW (SSTO),SVT00291,2026-04-07T09:28:56,2026-04-07T09:31:28,2.533333
BLAKENEY STW (SSTO),SVT00291,2026-04-07T09:36:58,2026-04-07T09:53:46,16.8
BLAKENEY STW (SSTO),SVT00291,2026-04-11T21:11:07,2026-04-11T21:57:39,46.533333
BLAKENEY STW (SSTO),SVT00291,2026-04-11T22:20:58,2026-04-11T22:37:46,16.8
BLAKENEY STW (SSTO),SVT00291,2026-04-12T02:06:34,2026-04-12T02:47:04,40.5
BLAKENEY STW (SSTO),SVT00291,2026-04-12T12:48:42,2026-04-12T14:16:31,87.816667
BLAKENEY STW (SSTO),SVT00291,2026-04-12T14:44:24,2026-04-12T14:53:31,9.116667
BLAKENEY STW (SSTO),SVT00291,2026-04-12T15:00:04,2026-04-12T15:59:56,59.866667
BLAKENEY STW (SSTO),SVT00291,2026-04-15T13:53:01,2026-04-15T20:21:37,388.6
BLAKENEY STW (SSTO),SVT00291,2026-04-15T20:40:50,2026-04-15T20:42:53,2.05
BLAKENEY STW (SSTO),SVT00291,2026-04-17T18:04:33,2026-04-17T18:11:08,6.583333
BLIND LANE/AVON STREET JCN SSO,SVT00296,2026-04-15T15:57:55,2026-04-15T16:29:14,31.316667
BOBBINGTON SEWAGE TREATMENT WORKS,SVT00302,2026-04-11T23:17:54,2026-04-11T23:32:30,14.6
BOBBINGTON SEWAGE TREATMENT WORKS,SVT00302,2026-04-12T02:53:02,2026-04-12T03:06:08,13.1
BOTTESFORD STW,SVT00311,2026-04-13T06:13:33,2026-04-13T06:15:43,2.166667
BOWERS HALL CSO,SVT00315,2026-04-27T17:04:11,2026-04-27T17:53:10,48.983333
BRAILSFORD SEWAGE TREATMENT WORKS,SVT00325,2026-04-14T23:46:27,2026-04-15T06:09:14,382.783333
BRAILSFORD SEWAGE TREATMENT WORKS,SVT00325,2026-04-15T14:54:16,2026-04-15T19:36:04,281.8
BRANTING HILL CSO,SVT00330,2026-04-15T16:55:57,2026-04-15T17:06:54,10.95
BRAUNSTON STW,SVT00332,2026-04-30T06:29:13,2026-04-30T06:30:27,1.233333
BRICK KILN LANE CSO,SVT00341,2026-04-15T14:32:52,2026-04-15T14:38:34,5.7
BRICK KILN LANE CSO,SVT00341,2026-04-15T15:35:41,2026-04-15T16:06:21,30.666667
BRIDGE HILL/BELPER LANE CSO,SVT00757,2026-04-12T14:49:39,2026-04-12T14:52:50,3.183333
BRIDGE HILL/BELPER LANE CSO,SVT00757,2026-04-27T16:43:27,2026-04-27T17:09:34,26.116667
BRIDGE STREET CSO,SVT00242,2026-04-05T09:51:37,2026-04-05T09:56:35,4.966667
BRIDGE STREET CSO,SVT00242,2026-04-15T16:30:41,2026-04-15T16:35:09,4.466667
BRIDGE STREET CSO,SVT00242,2026-04-27T16:42:30,2026-04-27T17:09:30,27.0
BRIDGE STREET PUMPING STATION SSO,SVT00345,2026-04-12T12:33:46,2026-04-12T12:35:42,1.933333
BRIDGE STREET PUMPING STATION SSO,SVT00345,2026-04-12T12:41:18,2026-04-12T12:44:47,3.483333
BRIDGE STREET PUMPING STATION SSO,SVT00345,2026-04-12T12:51:42,2026-04-12T12:53:36,1.9
BRIDGE STREET PUMPING STATION SSO,SVT00345,2026-04-12T13:01:46,2026-04-12T13:03:25,1.65
BRIDGE STREET PUMPING STATION SSO,SVT00345,2026-04-12T13:13:40,2026-04-12T13:14:18,0.633333
BRIDGE STREET PUMPING STATION SSO,SVT00345,2026-04-12T13:23:48,2026-04-12T13:25:03,1.25
BRIDGE STREET PUMPING STATION SSO,SVT00345,2026-04-12T13:35:47,2026-04-12T13:36:53,1.1
BRIDGE STREET PUMPING STATION SSO,SVT00345,2026-04-12T13:47:45,2026-04-12T13:48:47,1.033333
BRIDGE STREET PUMPING STATION SSO,SVT00345,2026-04-12T13:59:46,2026-04-12T14:00:47,1.016667
BRIDGE STREET PUMPING STATION SSO,SVT00345,2026-04-12T14:11:45,2026-04-12T14:12:44,0.983333
BRIDGE STREET PUMPING STATION SSO,SVT00345,2026-04-15T17:43:11,2026-04-15T17:45:09,1.966667
BRIDGE STREET PUMPING STATION SSO,SVT00345,2026-04-15T17:51:44,2026-04-15T17:54:37,2.883333
BRIDGE STREET PUMPING STATION SSO,SVT00345,2026-04-15T18:03:45,2026-04-15T18:04:52,1.116667
BRIDGE STREET-FIELD LANE JCN CSO,SVT00346,2026-04-27T16:47:48,2026-04-27T16:52:20,4.533333
BROADGATE STORM SEWAGE OVERFLOW,SVT00361,2026-04-15T01:12:10,2026-04-15T01:26:46,14.6
BROADOAK SEWAGE TREATMENT WORKS,SVT00365,2026-04-12T12:00:04,2026-04-12T18:47:00,406.933333
BROADOAK SEWAGE TREATMENT WORKS,SVT00365,2026-04-15T13:34:02,2026-04-16T01:21:00,706.966667
BROADOAK SEWAGE TREATMENT WORKS,SVT00365,2026-04-16T07:05:32,2026-04-16T20:13:00,787.466667
BROADOAK SEWAGE TREATMENT WORKS,SVT00365,2026-04-19T09:51:46,2026-04-19T16:51:00,419.233333
BROADOAK SEWAGE TREATMENT WORKS,SVT00365,2026-04-19T22:09:01,2026-04-20T05:47:00,457.983333
BROOKS LANE - STORM/EMERGENCY O/F,SVT00387,2026-04-15T16:41:44,2026-04-15T16:45:40,3.933333
BROOKSIDE HINCKLEY CSO,SVT00390,2026-04-15T16:47:26,2026-04-15T16:51:15,3.816667
BULWELL - HUCKNALL LN/LAWTON DR CSO,SVT00406,2026-04-15T18:10:00,2026-04-15T18:19:11,9.183333
BURBAGE - LYCHGATE LANE (2) (CSO),SVT00411,2026-04-15T16:43:53,2026-04-15T16:46:34,2.683333
BURBAGE - LYCHGATE LANE (2) (CSO),SVT00411,2026-04-27T18:14:16,2026-04-27T18:15:40,1.4
BURBAGE - LYCHGATE/WOODSTOCK CL CSO,SVT00413,2026-04-27T17:29:31,2026-04-27T17:31:51,2.333333
BURBAGE - SAPCOTE ROAD CSO,SVT00414,2026-04-15T16:33:49,2026-04-15T17:08:29,34.666667
BURBAGE - SAPCOTE ROAD CSO,SVT00414,2026-04-27T17:26:36,2026-04-27T18:07:23,40.783333
BURBAGE - SAPCOTE ROAD CSO,SVT00414,2026-04-27T18:23:27,2026-04-27T18:53:02,29.583333
BURTON STATHER SEWAGE TRTMNT WRKS,SVT00434,2026-04-12T16:43:16,2026-04-12T16:58:37,15.35
BURTON-SEYMOUR ROAD SPS,SVT00441,2026-04-15T16:57:11,2026-04-15T17:09:45,12.566667
BURTON-SEYMOUR ROAD SPS,SVT00441,2026-04-27T17:55:04,2026-04-27T18:28:16,33.2
CAPTAINS LANE SCO,SVT00474,2026-04-12T13:34:57,2026-04-12T13:45:53,10.933333
CAPTAINS LANE SCO,SVT00474,2026-04-12T13:50:15,2026-04-12T13:54:26,4.183333
CAPTAINS LANE SCO,SVT00474,2026-04-15T16:46:59,2026-04-15T16:56:27,9.466667
CARLISLE STREET CSO,SVT00478,2026-04-12T10:19:48,2026-04-12T10:21:14,1.433333
CARLISLE STREET CSO,SVT00478,2026-04-12T10:55:36,2026-04-12T10:57:06,1.5
CASTLE DONINGTON - STATION RD CSO,SVT00488,2026-04-12T12:43:38,2026-04-12T13:01:46,18.133333
CASTLE DONINGTON - STATION RD CSO,SVT00488,2026-04-15T16:41:55,2026-04-15T17:03:36,21.683333
CHADDESDEN PARK RD/MAYFIELD RD CSO,SVT00503,2026-04-27T16:47:28,2026-04-27T16:57:07,9.65
CHADDESDEN PARK RD/MAYFIELD RD CSO,SVT00503,2026-04-27T17:25:29,2026-04-27T17:35:23,9.9
CHAMBERLAIN AVENUE CSO,SVT00506,2026-04-09T13:49:00,2026-04-09T13:53:33,4.55
CHAMBERLAIN AVENUE CSO,SVT00506,2026-04-12T01:55:22,2026-04-12T01:59:53,4.516667
CHAMBERLAIN AVENUE CSO,SVT00506,2026-04-12T10:09:08,2026-04-12T10:15:59,6.85
CHAMBERLAIN AVENUE CSO,SVT00506,2026-04-12T10:16:07,2026-04-12T10:23:06,6.983333
CHAMBERLAIN AVENUE CSO,SVT00506,2026-04-15T15:28:56,2026-04-15T15:35:01,6.083333
CHAMBERLAIN AVENUE CSO,SVT00506,2026-04-17T13:27:44,2026-04-17T13:33:36,5.866667
CHASETOWN PUMPING STATION,SVT00517,2026-04-11T05:10:00,2026-04-11T05:35:00,25.0
CHASETOWN PUMPING STATION,SVT00517,2026-04-12T12:42:37,2026-04-12T13:04:07,21.5
CHASETOWN PUMPING STATION,SVT00517,2026-04-12T17:06:29,2026-04-12T17:33:38,27.15
CHESTER ROAD (CRADLEY ROAD 2) CSO,SVT00533,2026-04-15T14:39:56,2026-04-15T15:05:46,25.833333
CHILCOTE RBC SEWAGE TREATMENT WORKS,SVT00537,2026-04-04T23:30:11,2026-04-05T00:35:00,64.816667
CHILCOTE RBC SEWAGE TREATMENT WORKS,SVT00537,2026-04-14T22:00:16,2026-04-14T22:50:00,49.733333
CHILCOTE RBC SEWAGE TREATMENT WORKS,SVT00537,2026-04-15T01:40:00,2026-04-15T02:10:06,30.1
CHILCOTE RBC SEWAGE TREATMENT WORKS,SVT00537,2026-04-15T02:58:02,2026-04-15T03:01:59,3.95
CHILCOTE RBC SEWAGE TREATMENT WORKS,SVT00537,2026-04-15T03:27:33,2026-04-15T03:35:00,7.45
CHILCOTE RBC SEWAGE TREATMENT WORKS,SVT00537,2026-04-15T09:40:00,2026-04-15T09:50:00,10.0
CHILCOTE RBC SEWAGE TREATMENT WORKS,SVT00537,2026-04-15T10:10:00,2026-04-15T10:50:00,40.0
CHILCOTE RBC SEWAGE TREATMENT WORKS,SVT00537,2026-04-15T12:55:00,2026-04-15T13:05:00,10.0
CHILCOTE RBC SEWAGE TREATMENT WORKS,SVT00537,2026-04-15T14:40:00,2026-04-15T22:50:00,490.0
CHILCOTE RBC SEWAGE TREATMENT WORKS,SVT00537,2026-04-16T05:10:00,2026-04-16T06:55:48,105.8
CHILCOTE RBC SEWAGE TREATMENT WORKS,SVT00537,2026-04-16T07:04:53,2026-04-16T08:35:00,90.116667
CHILCOTE RBC SEWAGE TREATMENT WORKS,SVT00537,2026-04-16T13:40:00,2026-04-16T14:05:00,25.0
CHILCOTE RBC SEWAGE TREATMENT WORKS,SVT00537,2026-04-16T20:15:20,2026-04-16T22:20:00,124.666667
CHILCOTE RBC SEWAGE TREATMENT WORKS,SVT00537,2026-04-19T22:40:00,2026-04-19T22:55:41,15.683333
CHILCOTE RBC SEWAGE TREATMENT WORKS,SVT00537,2026-04-21T05:45:11,2026-04-21T06:21:50,36.65
CHILCOTE RBC SEWAGE TREATMENT WORKS,SVT00537,2026-04-21T06:53:36,2026-04-21T07:04:06,10.5
CHILCOTE RBC SEWAGE TREATMENT WORKS,SVT00537,2026-04-30T04:49:18,2026-04-30T05:05:03,15.75
CHILCOTE RBC SEWAGE TREATMENT WORKS,SVT00537,2026-04-30T05:26:18,2026-04-30T06:35:00,68.7
CHIPPERFIELD ROAD CSO,SVT00538,2026-04-15T14:29:41,2026-04-15T19:05:57,276.266667
CHURCH STRETTON STW,SVT00558,2026-04-12T08:56:30,2026-04-12T12:59:08,242.633333
CHURCH STRETTON STW,SVT00558,2026-04-12T13:00:27,2026-04-12T13:05:22,4.916667
CHURCH STRETTON STW,SVT00558,2026-04-12T13:06:05,2026-04-12T13:22:41,16.6
CHURCH STRETTON STW,SVT00558,2026-04-12T14:45:44,2026-04-12T14:46:41,0.95
CHURCH STRETTON STW,SVT00558,2026-04-12T14:57:40,2026-04-12T15:01:08,3.466667
CHURCH STRETTON STW,SVT00558,2026-04-12T15:02:40,2026-04-12T15:07:55,5.25
CHURCH STRETTON STW,SVT00558,2026-04-12T15:08:07,2026-04-12T15:15:22,7.25
CHURCH STRETTON STW,SVT00558,2026-04-12T15:16:07,2026-04-12T20:07:08,291.016667
CHURCH STRETTON STW,SVT00558,2026-04-12T20:08:32,2026-04-12T20:13:29,4.95
CHURCH STRETTON STW,SVT00558,2026-04-12T20:15:20,2026-04-12T20:17:22,2.033333
CLIVE ROAD COMBINED SEWER OVERFLOW,SVT00583,2026-04-12T02:01:18,2026-04-12T02:29:40,28.366667
COCKS MOORS WOODS GOLF COURSE CSO,SVT00598,2026-04-12T17:39:37,2026-04-12T17:49:29,9.866667
COCKS MOORS WOODS GOLF COURSE CSO,SVT00598,2026-04-12T18:33:38,2026-04-12T18:42:02,8.4
COCKS MOORS WOODS GOLF COURSE CSO,SVT00598,2026-04-15T16:04:23,2026-04-15T16:13:47,9.4
COLTON-OFF MARTIN LANE (CSO),SVT00619,2026-04-26T09:55:09,2026-04-26T10:02:28,7.316667
COLWALL CSO,SVT00620,2026-04-15T15:48:02,2026-04-15T16:39:36,51.566667
COLWALL SEWAGE TREATMENT WORKS,SVT00621,2026-04-15T17:40:32,2026-04-15T21:40:21,239.816667
CORDY LANE STORM OVERFLOW,SVT00634,2026-04-12T12:18:40,2026-04-12T12:29:28,10.8
CROMFORD - DERBY RD (BUS SHELTER) (CSO),SVT02705,2026-04-15T16:44:17,2026-04-15T17:45:52,61.583333
CROMFORD - MARKET PLACE CSO,SVT00683,2026-04-12T11:41:38,2026-04-12T11:48:56,7.3
CROMFORD - MARKET PLACE CSO,SVT00683,2026-04-15T16:24:18,2026-04-15T16:37:39,13.35
CROMFORD - MARKET PLACE CSO,SVT00683,2026-04-27T16:44:21,2026-04-27T17:05:00,20.65
CROMFORD ROAD - CSO NO 3,SVT00684,2026-04-05T10:09:30,2026-04-05T10:44:02,34.533333
CROMFORD ROAD - CSO NO 3,SVT00684,2026-04-12T12:08:01,2026-04-12T13:42:36,94.583333
CROMFORD ROAD - CSO NO 3,SVT00684,2026-04-15T14:47:53,2026-04-15T16:04:55,77.033333
CROWDECOTE SEWAGE TREATMENT WORKS,SVT00692,2026-04-03T15:01:00,2026-04-03T15:19:47,18.783333
CROWN STREET CSO,SVT00696,2026-04-09T15:29:32,2026-04-09T16:10:19,40.783333
CROWN STREET CSO,SVT00696,2026-04-12T02:24:17,2026-04-12T03:31:41,67.4
CROWN STREET CSO,SVT00696,2026-04-13T12:37:20,2026-04-13T12:38:41,1.35
CROWN STREET CSO,SVT00696,2026-04-13T12:47:45,2026-04-13T12:48:16,0.516667
CROWN STREET CSO,SVT00696,2026-04-14T12:43:37,2026-04-14T12:44:23,0.766667
CROWN STREET CSO,SVT00696,2026-04-14T13:40:58,2026-04-14T13:42:03,1.083333
CROWN STREET CSO,SVT00696,2026-04-14T14:15:22,2026-04-14T14:17:19,1.95
CSO @ DARLEY BRIDGE PUMPING STATION,SVT00700,2026-04-15T14:57:17,2026-04-15T15:08:07,10.833333
CSO @ DARLEY BRIDGE PUMPING STATION,SVT00700,2026-04-15T16:23:10,2026-04-15T16:27:18,4.133333
CSO @ DARLEY BRIDGE PUMPING STATION,SVT00700,2026-04-15T16:36:44,2026-04-15T17:13:12,36.466667
CSO @ DARLEY BRIDGE PUMPING STATION,SVT00700,2026-04-27T16:29:55,2026-04-27T16:30:59,1.066667
CSO @ DARLEY BRIDGE PUMPING STATION,SVT00700,2026-04-27T16:38:22,2026-04-27T16:55:04,16.7
CSO @ DARLEY BRIDGE PUMPING STATION,SVT00700,2026-04-27T16:58:38,2026-04-27T17:14:22,15.733333
CSO AT BARROW PROCTORS PARK RD SPS,SVT02404,2026-04-12T14:01:35,2026-04-12T14:08:32,6.95
CSO AT BARROW PROCTORS PARK RD SPS,SVT02404,2026-04-12T15:35:25,2026-04-12T15:52:19,16.9
CSO AT SITE OF ALLESTREE WRW,SVT00733,2026-04-27T17:10:53,2026-04-27T18:09:55,59.033333
CURZON GARDENS COMBINED SEWER OVERF,SVT00714,2026-04-15T16:59:26,2026-04-15T17:11:32,12.1
DALE ABBEY SEWAGE PUMPING STATION,SVT00718,2026-04-12T12:33:17,2026-04-12T12:48:33,15.266667
DALE RD SOUTH-OFF OLD HACKNEY LANE,SVT00720,2026-04-15T16:27:36,2026-04-15T16:37:54,10.3
DALE ROAD NORTH (RLWY) CSO,SVT00721,2026-04-04T21:35:28,2026-04-04T21:47:51,12.383333
DARLEY ABBEY CSO,SVT00731,2026-04-12T12:15:55,2026-04-12T12:22:56,7.016667
DARLEY ABBEY CSO,SVT00731,2026-04-27T17:19:27,2026-04-27T17:45:04,25.616667
DARLEY BRIDGE CSO,SVT00734,2026-04-15T14:56:57,2026-04-15T15:11:11,14.233333
DARLEY BRIDGE CSO,SVT00734,2026-04-15T16:31:02,2026-04-15T17:13:59,42.95
DARLEY DALE - FOUR ENDS SPS,SVT00737,2026-04-15T16:38:18,2026-04-15T17:07:11,28.883333
DARLEY DALE NO 11 CSO,SVT00740,2026-04-12T00:01:07,2026-04-12T00:17:44,16.616667
DARLEY DALE NO 11 CSO,SVT00740,2026-04-12T00:25:28,2026-04-12T00:37:15,11.783333
DARLEY DALE NO 11 CSO,SVT00740,2026-04-15T14:53:19,2026-04-15T15:53:55,60.6
DARLEY DALE NO 11 CSO,SVT00740,2026-04-15T16:24:16,2026-04-15T18:13:53,109.616667
DARLEY DALE NO 11 CSO,SVT00740,2026-04-15T18:14:09,2026-04-15T18:28:06,13.95
DARLEY DALE NO 11 CSO,SVT00740,2026-04-27T16:42:59,2026-04-27T18:06:33,83.566667
DEFFORD ROAD SPS,SVT00745,2026-04-15T15:55:05,2026-04-15T16:27:51,32.766667
DERBY - WAYZGOOSE DRIVE (CSO),SVT00833,2026-04-27T17:28:05,2026-04-27T18:03:47,35.7
DERBY RD-GIBFIELD LN CSO,SVT00753,2026-04-27T16:52:09,2026-04-27T17:13:03,20.9
DERBY ROAD,SVT01561,2026-04-27T16:57:05,2026-04-27T17:34:25,37.333333
DERBY ROAD CSO,SVT00758,2026-04-12T12:21:48,2026-04-12T12:32:34,10.766667
DERBY ROAD CSO,SVT00756,2026-04-27T17:00:26,2026-04-27T17:08:25,7.983333
DERBY ROAD CSO,SVT00758,2026-04-27T17:04:01,2026-04-27T18:01:04,57.05
DIVIDY ROAD / JOINERS SQUARE CSO,SVT00774,2026-04-17T02:44:04,2026-04-17T06:11:49,207.75
DIVIDY ROAD / JOINERS SQUARE CSO,SVT00774,2026-04-17T07:18:14,2026-04-17T07:21:46,3.533333
DIVIDY ROAD / JOINERS SQUARE CSO,SVT00774,2026-04-17T07:30:14,2026-04-17T07:37:47,7.55
DOCK MEADOW CSO,SVT00775,2026-04-10T12:04:30,2026-04-10T12:17:11,12.683333
DOCK MEADOW CSO,SVT00775,2026-04-15T14:03:21,2026-04-15T17:18:58,195.616667
DOCK MEADOW CSO,SVT00776,2026-04-15T16:14:08,2026-04-15T16:16:31,2.383333
DONINGTON-LE-HEATH TOWNSEND LN CSO,SVT00778,2026-04-15T16:38:27,2026-04-15T17:44:42,66.25
DONINGTON-LE-HEATH TOWNSEND LN CSO,SVT00778,2026-04-27T18:10:00,2026-04-27T19:26:15,76.25
DORRINGTON STW,SVT00783,2026-04-12T01:37:41,2026-04-12T02:24:37,46.933333
DORSINGTON SEWAGE TREATMENT WORKS,SVT00784,2026-04-11T07:35:20,2026-04-11T07:36:15,0.916667
DORSINGTON SEWAGE TREATMENT WORKS,SVT00784,2026-04-11T07:51:51,2026-04-11T07:52:10,0.316667
DORSINGTON SEWAGE TREATMENT WORKS,SVT00784,2026-04-11T07:59:51,2026-04-11T08:02:08,2.283333
DORSINGTON SEWAGE TREATMENT WORKS,SVT00784,2026-04-11T08:06:42,2026-04-11T08:10:06,3.4
DORSINGTON SEWAGE TREATMENT WORKS,SVT00784,2026-04-11T08:13:52,2026-04-11T08:14:09,0.283333
DORSINGTON SEWAGE TREATMENT WORKS,SVT00784,2026-04-11T08:17:49,2026-04-11T08:18:35,0.766667
DORSINGTON SEWAGE TREATMENT WORKS,SVT00784,2026-04-11T08:26:34,2026-04-11T08:49:16,22.7
DORSINGTON SEWAGE TREATMENT WORKS,SVT00784,2026-04-11T08:50:21,2026-04-11T09:18:17,27.933333
DORSINGTON SEWAGE TREATMENT WORKS,SVT00784,2026-04-11T09:20:26,2026-04-11T09:40:18,19.866667
DORSINGTON SEWAGE TREATMENT WORKS,SVT00784,2026-04-15T16:42:43,2026-04-15T16:46:10,3.45
DORSINGTON SEWAGE TREATMENT WORKS,SVT00784,2026-04-15T16:49:54,2026-04-15T16:50:07,0.216667
DRAYCOTT SPS - EMERGENCY OVERFLOW,SVT00791,2026-04-15T17:00:27,2026-04-15T17:44:28,44.016667
DUKE STREET COMBINED SEWER OVERFLOW,SVT00803,2026-04-15T16:13:58,2026-04-15T16:32:36,18.633333
DURHAM AVENUE/SUFFOLK AVENUE CSO,SVT00809,2026-04-27T16:49:07,2026-04-27T16:59:13,10.1
DURHAM AVENUE/SUFFOLK AVENUE CSO,SVT00809,2026-04-27T17:25:32,2026-04-27T17:38:09,12.616667
EARL STERNDALE STW (CSO),SVT02723,2026-04-03T14:53:39,2026-04-03T14:56:54,3.25
EARL STERNDALE STW (CSO),SVT02723,2026-04-03T15:01:25,2026-04-03T15:38:36,37.183333
EARL STERNDALE STW (CSO),SVT02723,2026-04-15T16:15:18,2026-04-15T16:37:56,22.633333
EARL STERNDALE STW (CSO),SVT02723,2026-04-27T16:46:04,2026-04-27T17:18:53,32.816667
EAST BRIDGFORD STW,SVT00818,2026-04-08T08:22:21,2026-04-08T08:46:48,24.45
EAST BRIDGFORD STW,SVT00818,2026-04-08T08:51:12,2026-04-08T08:55:02,3.833333
EAST BRIDGFORD STW,SVT00818,2026-04-12T13:50:48,2026-04-12T16:31:38,160.833333
EAST BRIDGFORD STW,SVT00818,2026-04-12T16:38:27,2026-04-12T16:40:11,1.733333
EAST BRIDGFORD STW,SVT00818,2026-04-12T16:45:05,2026-04-12T16:46:45,1.666667
EAST BRIDGFORD STW,SVT00818,2026-04-12T16:52:57,2026-04-12T17:10:31,17.566667
EAST OF STRATFORD STREET CSO,SVT00830,2026-04-04T21:59:58,2026-04-04T22:15:30,15.533333
EDALE SEWAGE TREATMENT WORKS,SVT00842,2026-04-03T15:56:57,2026-04-03T16:20:00,23.05
EDALE SEWAGE TREATMENT WORKS,SVT00842,2026-04-11T16:48:41,2026-04-11T17:02:14,13.55
EDALE SEWAGE TREATMENT WORKS,SVT00842,2026-04-15T16:28:35,2026-04-15T16:31:24,2.816667
EDALE SEWAGE TREATMENT WORKS,SVT00842,2026-04-27T15:54:42,2026-04-27T16:27:35,32.883333
EDWINSTOWE CSO,SVT00848,2026-04-12T15:58:31,2026-04-12T16:02:18,3.783333
EDWINSTOWE STW,SVT00849,2026-04-12T16:09:19,2026-04-12T16:55:13,45.9
EDWINSTOWE STW,SVT00849,2026-04-15T17:39:50,2026-04-15T18:08:23,28.55
ELFORD SEWAGE TREATMENT WORKS,SVT00854,2026-04-14T07:59:20,2026-04-14T08:04:43,5.383333
ELSTON SEWAGE TREATMENT WORKS,SVT00863,2026-04-12T15:23:42,2026-04-12T15:49:44,26.033333
ETTINGTON SEWAGE TREATMENT WORKS,SVT00877,2026-04-18T16:31:48,2026-04-18T16:43:09,11.35
FENNY COMPTON STW,SVT00891,2026-04-05T22:52:21,2026-04-05T23:47:31,55.166667
FENNY COMPTON STW,SVT00891,2026-04-12T14:33:00,2026-04-12T14:49:00,16.0
FENNY COMPTON STW,SVT00891,2026-04-13T15:20:26,2026-04-13T18:21:43,181.283333
FENNY COMPTON STW,SVT00891,2026-04-15T17:07:00,2026-04-15T19:43:00,156.0
FIELD NO. 7078 CSO,SVT00897,2026-04-12T04:15:40,2026-04-12T04:21:36,5.933333
FIELD NO. 7078 CSO,SVT00897,2026-04-15T14:59:10,2026-04-15T15:05:01,5.85
FIELD NO. 7078 CSO,SVT00897,2026-04-16T02:11:18,2026-04-16T02:19:22,8.066667
FLINTHAM SEWAGE TREATMENT WORKS,SVT00911,2026-04-12T14:09:18,2026-04-12T17:35:00,205.7
FOREST ROAD CSO,SVT01145,2026-04-15T16:38:06,2026-04-15T16:48:00,9.9
FOREST ROAD CSO,SVT01145,2026-04-27T17:25:42,2026-04-27T17:40:24,14.7
FOREST ROAD CSO,SVT01145,2026-04-27T18:01:16,2026-04-27T18:13:35,12.316667
FRITCHLEY STW,SVT00931,2026-04-12T15:10:50,2026-04-12T15:31:06,20.266667
FRITCHLEY STW,SVT00931,2026-04-27T17:26:27,2026-04-27T17:32:36,6.15
FROGHALL SEWAGE TREATMENT WORKS,SVT00934,2026-04-09T14:30:00,2026-04-09T14:59:48,29.8
FROGHALL SEWAGE TREATMENT WORKS,SVT00934,2026-04-15T16:04:57,2026-04-15T16:43:36,38.65
FROGHALL SEWAGE TREATMENT WORKS,SVT00934,2026-04-17T14:39:00,2026-04-17T14:56:40,17.666667
FROLESWORTH SEWAGE TREATMENT WORKS,SVT00935,2026-04-12T12:58:48,2026-04-12T13:20:00,21.2
FROLESWORTH SEWAGE TREATMENT WORKS,SVT00935,2026-04-12T13:40:00,2026-04-12T13:50:00,10.0
FROLESWORTH SEWAGE TREATMENT WORKS,SVT00935,2026-04-27T18:26:36,2026-04-27T19:35:00,68.4
FURLONG ROAD CSO,SVT00936,2026-04-03T16:45:48,2026-04-03T17:07:54,22.1
FURLONG ROAD CSO,SVT00936,2026-04-11T16:11:49,2026-04-11T16:18:23,6.566667
GAULBY STW,SVT00943,2026-04-12T20:04:53,2026-04-12T20:59:06,54.216667
GAULBY STW,SVT00943,2026-04-15T17:06:52,2026-04-15T17:32:57,26.083333
GLASTONBURY ROAD CSO,SVT00953,2026-04-12T18:32:33,2026-04-12T18:39:23,6.833333
GLENFIELD/KIRBY MUXLOE PS/STM/SWS,SVT00958,2026-04-15T17:03:57,2026-04-15T17:07:09,3.2
GLOUCESTER NETHERIDGE STW,SVT00966,2026-04-15T16:49:20,2026-04-15T18:09:54,80.566667
GOMS MILL CSO,SVT00971,2026-04-15T01:38:41,2026-04-15T01:41:38,2.95
GOSCOTE LANE (FARM) CSO,SVT00975,2026-04-15T15:54:12,2026-04-15T16:06:19,12.116667
GREAT BOLAS (CSO),SVT00990,2026-04-12T02:16:49,2026-04-12T02:34:48,17.983333
GREAT BOLAS (CSO),SVT00990,2026-04-15T06:29:17,2026-04-15T06:32:50,3.55
GREAT BOLAS (CSO),SVT00990,2026-04-15T08:09:17,2026-04-15T08:12:34,3.283333
GREAT BOLAS (CSO),SVT00990,2026-04-15T12:31:27,2026-04-15T12:35:12,3.75
GREAT BOLAS (CSO),SVT00990,2026-04-15T13:24:40,2026-04-15T13:27:21,2.683333
GREAT BOLAS (CSO),SVT00990,2026-04-15T15:03:13,2026-04-15T15:17:22,14.15
GREAT BOLAS (CSO),SVT00990,2026-04-17T13:15:25,2026-04-17T13:26:19,10.9
GREAT HAMPTON STREET CSO,SVT00996,2026-04-15T15:39:14,2026-04-15T15:43:04,3.833333
GREEN LANE PUMPING STATION,SVT01002,2026-04-12T13:49:57,2026-04-12T14:55:11,65.233333
GREEN LANE PUMPING STATION,SVT01002,2026-04-27T17:52:51,2026-04-27T22:16:22,263.516667
GREEN LANE/BEATRICE STREET JCT CSO,SVT01003,2026-04-15T15:54:29,2026-04-15T16:05:59,11.5
GREEN STREET CSO,SVT01006,2026-04-15T13:44:12,2026-04-15T13:46:00,1.8
GREEN STREET CSO,SVT01006,2026-04-15T14:11:40,2026-04-15T14:32:34,20.9
GREEN STREET CSO,SVT01006,2026-04-15T15:22:44,2026-04-15T15:47:05,24.35
GRESSEL LN/EATESBROOK RD CSO,SVT01013,2026-04-12T18:50:09,2026-04-12T18:59:05,8.933333
GROVE SEWAGE TREATMENT WORKS,SVT01018,2026-04-15T17:18:45,2026-04-15T17:44:06,25.35
GUNNESS SEWAGE TREATMENT WORKS,SVT01020,2026-04-23T08:33:32,2026-04-23T10:44:33,131.016667
HADDON ROAD PPG STN - STM/EMEG O.F,SVT01023,2026-04-27T16:38:29,2026-04-27T17:53:31,75.033333
HALLOUGHTON RD - WEST GATE CSO,SVT01027,2026-04-12T13:13:44,2026-04-12T14:31:16,77.533333
HALLOUGHTON RD - WEST GATE CSO,SVT01027,2026-04-15T17:13:12,2026-04-15T17:32:47,19.583333
HALLOW STW,SVT01028,2026-04-15T15:24:31,2026-04-15T15:29:14,4.716667
HALLOW STW,SVT01028,2026-04-15T15:54:51,2026-04-15T16:00:50,5.983333
HALLOW STW,SVT01028,2026-04-19T09:25:16,2026-04-19T09:26:45,1.483333
HAMMERCLIFFE RD-ULVERSCROFT RD CSO,SVT01029,2026-04-15T17:14:49,2026-04-15T17:45:35,30.766667
HARBOROUGH MAGNA STW,SVT01058,2026-04-12T16:13:51,2026-04-12T16:19:26,5.583333
HARBOROUGH MAGNA STW,SVT01058,2026-04-27T18:11:30,2026-04-27T18:43:24,31.9
HARWILL CRESCENT CSO,SVT01076,2026-04-16T21:03:38,2026-04-16T21:08:23,4.75
HASELOR - WALCOTE ROAD SPS,SVT01080,2026-04-18T07:27:07,2026-04-18T08:03:44,36.616667
HATHERN DISTRICT CSO,SVT01083,2026-04-15T16:44:54,2026-04-15T16:54:48,9.9
HEAGE SEWAGE TREATMENT WORKS,SVT01099,2026-04-12T14:57:13,2026-04-12T15:22:05,24.866667
HEAGE SEWAGE TREATMENT WORKS,SVT01099,2026-04-15T16:44:44,2026-04-15T16:45:34,0.833333
HEAGE SEWAGE TREATMENT WORKS,SVT01099,2026-04-27T17:28:08,2026-04-27T17:33:13,5.083333
HIGH STREET CSO,SVT01125,2026-04-15T13:59:46,2026-04-15T14:08:26,8.666667
HIGH STREET CSO,SVT01125,2026-04-15T14:14:02,2026-04-15T14:37:50,23.8
HIGH STREET STORM OVERFLOW,SVT01127,2026-04-15T15:41:05,2026-04-15T15:50:42,9.616667
HIGHAM-ON-THE-HILL PUMPING STATION,SVT01128,2026-04-15T16:43:23,2026-04-15T16:58:42,15.316667
HIGHAM-ON-THE-HILL PUMPING STATION,SVT01128,2026-04-27T17:54:10,2026-04-27T18:31:58,37.8
HILTON LANE CSO,SVT01140,2026-04-15T15:38:21,2026-04-15T15:45:18,6.95
HILTON LANE CSO,SVT01140,2026-04-15T15:46:33,2026-04-15T15:57:10,10.616667
HINCKLEY - HAWLEY RD/STATION RD (CSO),SVT01091,2026-04-15T16:38:53,2026-04-15T16:45:05,6.2
HINCKLEY - HAWLEY RD/STATION RD (CSO),SVT01091,2026-04-27T17:58:51,2026-04-27T18:11:01,12.166667
HINCKLEY SEWAGE TREATMENT WORKS,SVT01149,2026-04-06T10:12:52,2026-04-06T14:39:05,266.216667
HINCKLEY SEWAGE TREATMENT WORKS,SVT01150,2026-04-27T18:14:13,2026-04-27T18:39:16,25.05
HINCKLEY SEWAGE TREATMENT WORKS,SVT01149,2026-04-27T19:42:35,2026-04-27T20:51:29,68.9
HOBY - BROOKSBY SPS,SVT01541,2026-04-08T16:15:16,2026-04-08T16:30:45,15.483333
HOSSIL LANE PUMPING STATION,SVT01180,2026-04-16T15:58:37,2026-04-16T16:31:23,32.766667
HUGGLESCOTE STATION ROAD CSO,SVT01190,2026-04-15T16:48:31,2026-04-15T16:52:05,3.566667
HUNTERS VALE CSO,SVT01196,2026-04-15T14:24:32,2026-04-15T14:43:36,19.066667
HUNTERS VALE CSO,SVT01196,2026-04-15T16:18:52,2026-04-15T16:31:36,12.733333
HUTHWAITE SEWAGE TREATMENT WORKS,SVT01198,2026-04-04T22:05:03,2026-04-04T22:25:06,20.05
HUTHWAITE SEWAGE TREATMENT WORKS,SVT01198,2026-04-12T15:16:16,2026-04-12T15:58:33,42.283333
HUTHWAITE SEWAGE TREATMENT WORKS,SVT01198,2026-04-15T15:01:34,2026-04-15T15:42:26,40.866667
HUTHWAITE SEWAGE TREATMENT WORKS,SVT01198,2026-04-15T16:46:16,2026-04-15T17:42:26,56.166667
IBSTOCK SEWAGE TREATMENT WORKS,SVT01200,2026-04-15T16:52:36,2026-04-15T17:12:19,19.716667
IBSTOCK SEWAGE TREATMENT WORKS,SVT01200,2026-04-27T17:51:12,2026-04-27T18:20:00,28.8
ILKESTON (HALLAM FIELDS) WWTW,SVT01207,2026-04-15T19:02:35,2026-04-15T19:31:42,29.116667
ILMINGTON STW,SVT01210,2026-04-01T09:48:23,2026-04-01T11:35:00,106.616667
ILMINGTON STW,SVT01210,2026-04-04T11:18:10,2026-04-04T11:50:00,31.833333
ILMINGTON STW,SVT01210,2026-04-07T07:33:23,2026-04-07T08:20:00,46.616667
ILMINGTON STW,SVT01210,2026-04-15T16:47:13,2026-04-15T18:35:00,107.783333
ILMINGTON STW,SVT01210,2026-04-17T14:03:44,2026-04-17T15:20:00,76.266667
JAMES SCOTT ROAD CSO,SVT01228,2026-04-15T14:31:33,2026-04-15T14:44:11,12.633333
JOHN BERRYSFORD CLOSE CSO,SVT01233,2026-04-15T15:07:56,2026-04-15T15:20:15,12.316667
JOHN BERRYSFORD CLOSE CSO,SVT01233,2026-04-27T17:04:22,2026-04-27T18:23:51,79.483333
KEDLESTON ROAD CSO,SVT01237,2026-04-12T12:30:46,2026-04-12T12:38:28,7.7
KEDLESTON ROAD CSO,SVT01237,2026-04-27T17:15:55,2026-04-27T18:19:42,63.783333
KEGWORTH - HIGH STREET CSO,SVT01239,2026-04-12T13:15:04,2026-04-12T13:25:33,10.483333
KELSTEDGE SEWAGE TREATMENT WORKS,SVT01242,2026-04-02T05:50:24,2026-04-02T06:07:47,17.383333
KELSTEDGE SEWAGE TREATMENT WORKS,SVT01242,2026-04-02T06:08:26,2026-04-02T06:25:19,16.883333
KELSTEDGE SEWAGE TREATMENT WORKS,SVT01242,2026-04-02T06:36:44,2026-04-02T06:43:59,7.25
KELSTEDGE SEWAGE TREATMENT WORKS,SVT01242,2026-04-02T06:58:55,2026-04-02T07:10:44,11.816667
KELSTEDGE SEWAGE TREATMENT WORKS,SVT01242,2026-04-02T07:13:09,2026-04-02T07:15:48,2.65
KELSTEDGE SEWAGE TREATMENT WORKS,SVT01242,2026-04-02T07:16:14,2026-04-02T07:22:43,6.483333
KELSTEDGE SEWAGE TREATMENT WORKS,SVT01242,2026-04-02T07:24:59,2026-04-02T07:53:48,28.816667
KELSTEDGE SEWAGE TREATMENT WORKS,SVT01242,2026-04-02T07:57:16,2026-04-02T08:14:53,17.616667
KELSTEDGE SEWAGE TREATMENT WORKS,SVT01242,2026-04-02T08:17:15,2026-04-02T09:03:00,45.75
KELSTEDGE SEWAGE TREATMENT WORKS,SVT01242,2026-04-02T13:56:05,2026-04-02T14:31:00,34.916667
KELSTEDGE SEWAGE TREATMENT WORKS,SVT01242,2026-04-02T22:14:46,2026-04-02T22:17:15,2.483333
KELSTEDGE SEWAGE TREATMENT WORKS,SVT01242,2026-04-11T10:19:31,2026-04-11T10:20:47,1.266667
KELSTEDGE SEWAGE TREATMENT WORKS,SVT01242,2026-04-11T19:34:47,2026-04-11T19:45:32,10.75
KELSTEDGE SEWAGE TREATMENT WORKS,SVT01242,2026-04-11T19:46:23,2026-04-11T19:51:25,5.033333
KELSTEDGE SEWAGE TREATMENT WORKS,SVT01242,2026-04-11T20:43:30,2026-04-11T20:46:00,2.5
KELSTEDGE SEWAGE TREATMENT WORKS,SVT01242,2026-04-15T16:35:16,2026-04-15T16:36:51,1.583333
KELSTEDGE SEWAGE TREATMENT WORKS,SVT01242,2026-04-15T16:38:44,2026-04-15T16:43:15,4.516667
KIDDERMINSTER OLDINGTON STW,SVT01254,2026-04-15T15:50:39,2026-04-15T19:05:00,194.35
KING STREET COMBINED SEWER OVERFLOW,SVT01269,2026-04-27T16:11:44,2026-04-27T17:05:01,53.283333
KING'S NORTON-PERSHORE RD SOUTH CSO,SVT00459,2026-04-15T15:48:50,2026-04-15T15:51:28,2.633333
KINGS NEWTON - MAIN STREET CSO,SVT01274,2026-04-27T17:29:22,2026-04-27T17:45:28,16.1
KINGS NEWTON - MAIN STREET CSO,SVT01274,2026-04-27T17:59:24,2026-04-27T18:06:14,6.833333
KINGS NORTON - REAR 24 EBURY RD CSO,SVT01276,2026-04-15T14:38:04,2026-04-15T14:47:57,9.883333
KINGS NORTON - REAR 24 EBURY RD CSO,SVT01276,2026-04-15T16:24:04,2026-04-15T16:35:00,10.933333
KIRK LANGLEY STW,SVT01288,2026-04-12T19:08:42,2026-04-12T19:21:12,12.5
KIRK LANGLEY STW,SVT01288,2026-04-12T22:10:00,2026-04-12T22:20:00,10.0
KIRK LANGLEY STW,SVT01288,2026-04-13T12:40:00,2026-04-13T13:05:00,25.0
KIRK LANGLEY STW,SVT01288,2026-04-13T15:23:00,2026-04-13T15:35:00,12.0
KIRK LANGLEY STW,SVT01288,2026-04-15T21:40:00,2026-04-15T22:12:03,32.05
KIRK LANGLEY STW,SVT01288,2026-04-15T22:48:15,2026-04-15T23:05:37,17.366667
KIRK LANGLEY STW,SVT01288,2026-04-16T13:25:26,2026-04-16T13:35:00,9.566667
KIRK LANGLEY STW,SVT01288,2026-04-16T14:25:00,2026-04-16T14:35:00,10.0
KIRK LANGLEY STW,SVT01288,2026-04-16T15:12:13,2026-04-16T16:05:28,53.25
KIRK LANGLEY STW,SVT01288,2026-04-16T16:24:15,2026-04-16T16:35:46,11.516667
KIRK LANGLEY STW,SVT01288,2026-04-16T23:25:00,2026-04-17T00:05:00,40.0
KIRK LANGLEY STW,SVT01288,2026-04-17T00:25:43,2026-04-17T00:35:00,9.283333
KIRK LANGLEY STW,SVT01288,2026-04-17T07:55:00,2026-04-17T08:10:17,15.283333
KIRK LANGLEY STW,SVT01288,2026-04-17T08:33:00,2026-04-17T09:39:40,66.666667
KIRK LANGLEY STW,SVT01288,2026-04-17T09:56:34,2026-04-17T10:03:53,7.316667
KIRK LANGLEY STW,SVT01288,2026-04-27T17:46:23,2026-04-27T18:05:00,18.616667
KIRK LANGLEY STW,SVT01288,2026-04-28T01:10:00,2026-04-28T01:35:00,25.0
KIRK LANGLEY STW,SVT01288,2026-04-28T01:55:00,2026-04-28T02:20:00,25.0
KIRK LANGLEY STW,SVT01288,2026-04-28T02:40:00,2026-04-28T02:50:00,10.0
KIRK ROAD CSO,SVT01289,2026-04-15T16:55:23,2026-04-15T17:09:24,14.016667
KIRKBY IN ASHFIELD SEWAGE TREATMENT,SVT01293,2026-04-12T16:28:57,2026-04-12T16:46:19,17.366667
KIRKBY MALLORY STW,SVT01295,2026-04-15T17:11:28,2026-04-15T17:51:04,39.6
KITTS GREEN ROAD CSO,SVT01298,2026-04-12T18:51:53,2026-04-12T19:09:57,18.066667
KITTS GREEN ROAD CSO,SVT01298,2026-04-15T16:23:23,2026-04-15T16:35:10,11.783333
KNIVETON STW,SVT01302,2026-04-12T13:13:32,2026-04-12T13:35:00,21.466667
KNIVETON STW,SVT01302,2026-04-15T16:25:29,2026-04-15T17:50:00,84.516667
KNOCKIN PUMPING STATION,SVT01303,2026-04-13T15:22:40,2026-04-13T15:29:55,7.25
KNOCKIN PUMPING STATION,SVT01303,2026-04-13T15:57:28,2026-04-13T16:05:00,7.533333
LAVERTON SEWAGE TREATMENT WORKS,SVT01322,2026-04-12T08:30:17,2026-04-12T09:34:13,63.933333
LEDBURY SEWAGE TREATMENT WORKS,SVT01337,2026-04-15T13:15:35,2026-04-15T13:19:52,4.283333
LEDBURY SEWAGE TREATMENT WORKS,SVT01337,2026-04-15T13:20:30,2026-04-15T13:30:51,10.35
LEDBURY SEWAGE TREATMENT WORKS,SVT01337,2026-04-15T13:34:38,2026-04-15T13:39:25,4.783333
LEDBURY SEWAGE TREATMENT WORKS,SVT01337,2026-04-15T13:40:55,2026-04-15T13:49:53,8.966667
LEDBURY SEWAGE TREATMENT WORKS,SVT01337,2026-04-15T14:03:23,2026-04-15T14:15:13,11.833333
LEDBURY SEWAGE TREATMENT WORKS,SVT01337,2026-04-15T14:17:14,2026-04-15T14:27:31,10.283333
LEDBURY SEWAGE TREATMENT WORKS,SVT01337,2026-04-15T15:23:29,2026-04-15T15:54:46,31.283333
LEDBURY SEWAGE TREATMENT WORKS,SVT01337,2026-04-15T15:59:36,2026-04-15T17:06:22,66.766667
LEDBURY SEWAGE TREATMENT WORKS,SVT01337,2026-04-15T17:15:44,2026-04-15T17:19:35,3.85
LEDBURY SEWAGE TREATMENT WORKS,SVT01337,2026-04-15T17:20:45,2026-04-15T17:23:20,2.583333
LEEK - JUNCTION ROAD CSO,SVT01339,2026-04-03T16:48:39,2026-04-03T17:17:19,28.666667
LEEK - JUNCTION ROAD CSO,SVT01339,2026-04-12T01:12:57,2026-04-12T01:31:37,18.666667
LEEK - JUNCTION ROAD CSO,SVT01339,2026-04-15T16:03:37,2026-04-15T16:15:20,11.716667
LEICESTER - NORTHGATE/SANVEY GATE (CSO),SVT01670,2026-04-15T18:08:53,2026-04-15T18:34:38,25.75
LETWELL SEWAGE TREATMENT WORKS,SVT01351,2026-04-01T20:19:58,2026-04-01T20:42:22,22.4
LETWELL SEWAGE TREATMENT WORKS,SVT01351,2026-04-01T21:40:00,2026-04-01T21:50:00,10.0
LETWELL SEWAGE TREATMENT WORKS,SVT01351,2026-04-01T23:10:00,2026-04-02T08:05:11,535.183333
LETWELL SEWAGE TREATMENT WORKS,SVT01351,2026-04-02T18:40:00,2026-04-02T18:50:00,10.0
LETWELL SEWAGE TREATMENT WORKS,SVT01351,2026-04-03T00:27:41,2026-04-03T00:32:20,4.65
LETWELL SEWAGE TREATMENT WORKS,SVT01351,2026-04-03T03:30:21,2026-04-03T03:50:00,19.65
LETWELL SEWAGE TREATMENT WORKS,SVT01351,2026-04-03T09:25:00,2026-04-03T09:50:00,25.0
LETWELL SEWAGE TREATMENT WORKS,SVT01351,2026-04-03T11:34:27,2026-04-03T11:50:00,15.55
LETWELL SEWAGE TREATMENT WORKS,SVT01351,2026-04-03T13:03:05,2026-04-03T13:25:27,22.366667
LETWELL SEWAGE TREATMENT WORKS,SVT01351,2026-04-03T20:57:19,2026-04-03T21:05:00,7.683333
LETWELL SEWAGE TREATMENT WORKS,SVT01351,2026-04-03T21:40:00,2026-04-04T04:22:08,402.133333
LETWELL SEWAGE TREATMENT WORKS,SVT01351,2026-04-04T07:07:49,2026-04-04T11:06:11,238.366667
LETWELL SEWAGE TREATMENT WORKS,SVT01351,2026-04-04T11:23:56,2026-04-04T11:36:05,12.15
LETWELL SEWAGE TREATMENT WORKS,SVT01351,2026-04-04T14:10:00,2026-04-04T14:23:56,13.933333
LETWELL SEWAGE TREATMENT WORKS,SVT01351,2026-04-04T14:55:00,2026-04-04T15:05:00,10.0
LETWELL SEWAGE TREATMENT WORKS,SVT01351,2026-04-04T15:40:00,2026-04-04T16:35:00,55.0
LETWELL SEWAGE TREATMENT WORKS,SVT01351,2026-04-04T17:55:00,2026-04-04T18:05:00,10.0
LETWELL SEWAGE TREATMENT WORKS,SVT01351,2026-04-09T23:52:04,2026-04-09T23:57:56,5.866667
LETWELL SEWAGE TREATMENT WORKS,SVT01351,2026-04-12T17:40:00,2026-04-12T18:20:00,40.0
LETWELL SEWAGE TREATMENT WORKS,SVT01351,2026-04-14T22:15:24,2026-04-14T22:52:05,36.683333
LETWELL SEWAGE TREATMENT WORKS,SVT01351,2026-04-14T23:22:22,2026-04-15T00:37:50,75.466667
LETWELL SEWAGE TREATMENT WORKS,SVT01351,2026-04-17T15:55:17,2026-04-17T16:05:00,9.716667
LETWELL SEWAGE TREATMENT WORKS,SVT01351,2026-04-17T16:25:00,2026-04-17T16:37:09,12.15
LEYLANDS / BROADWAY 76 CSO,SVT01353,2026-04-12T12:08:14,2026-04-12T12:25:09,16.916667
LEYLANDS / BROADWAY 76 CSO,SVT01353,2026-04-27T17:16:20,2026-04-27T17:48:43,32.383333
LIME GROVE WALK/BANK ROAD PO CSO,SVT01367,2026-04-11T23:47:16,2026-04-11T23:48:47,1.516667
LIME GROVE WALK/BANK ROAD PO CSO,SVT01367,2026-04-15T16:24:48,2026-04-15T16:38:17,13.483333
LIME GROVE WALK/BANK ROAD PO CSO,SVT01367,2026-04-27T16:24:38,2026-04-27T16:29:10,4.533333
LITTLE WITLEY STW,SVT02670,2026-04-14T08:49:34,2026-04-14T08:53:03,3.483333
LITTON COMBINED SEWER OVERFLOW,SVT01387,2026-04-27T16:02:46,2026-04-27T16:41:59,39.216667
LODGE ROAD NO.1 (MUSGRAVE) CSO,SVT01392,2026-04-15T15:53:06,2026-04-15T16:06:41,13.583333
LONGTON - AMISON STREET CSO,SVT00075,2026-04-09T13:58:59,2026-04-09T14:03:06,4.116667
LONGTON - AMISON STREET CSO,SVT00075,2026-04-15T15:37:56,2026-04-15T15:40:28,2.533333
LORD STREET/QUEEN MARY STREET CSO,SVT01413,2026-04-15T15:47:40,2026-04-15T16:03:22,15.7
LOUGHBOROUGH ROAD CSO,SVT01419,2026-04-15T17:00:07,2026-04-15T17:12:59,12.866667
LOUGHBOROUGH TOWN WEST CSO,SVT01421,2026-04-15T17:00:33,2026-04-15T17:46:02,45.483333
LOUGHBOROUGH TOWN WEST CSO,SVT01421,2026-04-27T18:30:21,2026-04-27T18:57:42,27.35
LOWER HIGH STREET CSO,SVT01429,2026-04-15T14:37:26,2026-04-15T14:47:31,10.083333
LOWER HIGH STREET CSO,SVT01429,2026-04-15T15:37:25,2026-04-15T15:38:17,0.866667
LOWER HIGH STREET CSO,SVT01429,2026-04-15T15:47:12,2026-04-15T15:54:44,7.533333
LOWER LODE LANE PUMPING STATION,SVT01432,2026-04-15T15:54:15,2026-04-15T16:00:00,5.75
LOWER LODE LANE PUMPING STATION,SVT01432,2026-04-15T16:03:19,2026-04-15T16:09:54,6.583333
LOWER LODE LANE PUMPING STATION,SVT01432,2026-04-15T16:16:04,2026-04-15T16:21:55,5.85
LOWER MILL FARM CSO,SVT01433,2026-04-15T15:54:28,2026-04-15T16:28:33,34.083333
LUDLOW SEWAGE TREATMENT WORKS,SVT01443,2026-04-12T15:13:23,2026-04-12T17:04:45,111.366667
LUDLOW SEWAGE TREATMENT WORKS,SVT01443,2026-04-15T16:18:35,2026-04-15T19:22:29,183.9
LYDNEY - CHURCH ROAD (CSO),SVT00828,2026-04-12T11:29:48,2026-04-12T11:45:51,16.05
LYDNEY - CHURCH ROAD (CSO),SVT00828,2026-04-12T12:12:04,2026-04-12T12:17:06,5.033333
LYDNEY - CHURCH ROAD (CSO),SVT00828,2026-04-15T12:58:28,2026-04-15T13:42:56,44.466667
LYDNEY SEWAGE TREATMENT WORKS,SVT01447,2026-04-12T11:16:42,2026-04-12T13:21:16,124.566667
LYDNEY SEWAGE TREATMENT WORKS,SVT01447,2026-04-15T13:10:00,2026-04-15T17:20:00,250.0
Lower Kilburn - Derby Road (CSO),SVT02672,2026-04-12T11:55:44,2026-04-12T12:12:51,17.116667
Lower Kilburn - Derby Road (CSO),SVT02672,2026-04-15T16:37:16,2026-04-15T16:43:22,6.1
Lower Kilburn - Derby Road (CSO),SVT02672,2026-04-27T16:58:50,2026-04-27T17:21:59,23.15
MADDOCKS BUILDING O/F,SVT01452,2026-04-12T02:04:18,2026-04-12T02:10:52,6.566667
MADRESFIELD - HALL GREEN TPS,SVT01025,2026-04-15T13:51:52,2026-04-15T15:01:35,69.716667
MADRESFIELD - HALL GREEN TPS,SVT01025,2026-04-15T15:39:33,2026-04-15T20:27:57,288.4
MALVERN SEWAGE TREATMENT WORKS,SVT00182,2026-04-15T15:44:05,2026-04-15T15:47:06,3.016667
MALVERN SEWAGE TREATMENT WORKS,SVT00180,2026-04-15T16:00:52,2026-04-15T19:57:27,236.583333
MAPPERLEY - MARSHALL RD/HALLAM RD (CSO),SVT02683,2026-04-15T16:57:15,2026-04-15T17:21:41,24.433333
MARKET DRAYTON - WALKMILL RD (CSO),SVT02725,2026-04-12T09:55:57,2026-04-12T09:59:19,3.366667
MARKET DRAYTON STW,SVT01500,2026-04-12T09:59:28,2026-04-12T10:01:36,2.133333
MARSTON MONTGOMERY STW,SVT01510,2026-04-09T03:07:34,2026-04-09T03:09:16,1.7
MARSTON MONTGOMERY STW,SVT01510,2026-04-09T03:12:26,2026-04-09T03:23:44,11.3
MARSTON MONTGOMERY STW,SVT01510,2026-04-09T03:28:29,2026-04-09T03:30:07,1.633333
MATLOCK BATH - DALE ROAD (COAL ME-,SVT01511,2026-04-11T23:54:35,2026-04-12T01:09:29,74.9
MATLOCK BATH - DALE ROAD (COAL ME-,SVT01511,2026-04-12T11:31:13,2026-04-12T11:37:09,5.933333
MATLOCK BATH - DALE ROAD (COAL ME-,SVT01511,2026-04-12T11:46:39,2026-04-12T11:52:55,6.266667
MATLOCK BATH - DALE ROAD (COAL ME-,SVT01511,2026-04-15T14:52:38,2026-04-15T18:30:33,217.916667
MATLOCK BATH - DALE ROAD (COAL ME-,SVT01511,2026-04-15T18:38:55,2026-04-15T18:49:43,10.8
MATLOCK BATH - DALE ROAD (COAL ME-,SVT01511,2026-04-15T19:06:08,2026-04-15T19:12:45,6.616667
MATLOCK BATH - DALE ROAD (COAL ME-,SVT01511,2026-04-15T19:31:55,2026-04-15T19:36:35,4.666667
MATLOCK BATH - DALE ROAD (COAL ME-,SVT01511,2026-04-15T19:56:53,2026-04-15T20:03:09,6.266667
MATLOCK BATH - DALE ROAD (COAL ME-,SVT01511,2026-04-15T20:22:14,2026-04-15T20:25:11,2.95
MATLOCK BATH - DALE ROAD (COAL ME-,SVT01511,2026-04-17T15:59:51,2026-04-17T16:11:16,11.416667
MATLOCK BATH - DALE ROAD (COAL ME-,SVT01511,2026-04-17T16:31:08,2026-04-17T16:37:37,6.483333
MATLOCK BATH - DALE ROAD (COAL ME-,SVT01511,2026-04-27T16:48:41,2026-04-27T18:48:21,119.666667
MATLOCK MH79 UDC - IMPERIAL ROAD CS,SVT01516,2026-04-15T16:29:14,2026-04-15T16:41:37,12.383333
MATLOCK MH79 UDC - IMPERIAL ROAD CS,SVT01516,2026-04-27T16:38:49,2026-04-27T16:45:47,6.966667
MEADOW ROAD CSO,SVT01524,2026-04-12T13:37:29,2026-04-12T13:55:40,18.183333
MEADOW ROAD CSO,SVT01524,2026-04-15T16:49:00,2026-04-15T16:57:45,8.75
MH NEAR CROMFORD MILL POND,SVT01550,2026-04-11T23:55:59,2026-04-12T00:17:36,21.616667
MH NEAR CROMFORD MILL POND,SVT01550,2026-04-15T14:57:57,2026-04-15T15:17:52,19.916667
MH NEAR CROMFORD MILL POND,SVT01550,2026-04-15T16:41:56,2026-04-15T17:17:04,35.133333
MH NEAR CROMFORD MILL POND,SVT01550,2026-04-27T16:40:00,2026-04-27T17:35:19,55.316667
MILE OAK STW,SVT01737,2026-04-04T20:29:45,2026-04-04T20:46:04,16.316667
MILE OAK STW,SVT01737,2026-04-11T18:23:45,2026-04-11T18:39:01,15.266667
MILE OAK STW,SVT01737,2026-04-12T11:06:00,2026-04-12T11:17:22,11.366667
MILE OAK STW,SVT01737,2026-04-15T13:53:00,2026-04-15T14:01:02,8.033333
MILL LANE SPS,SVT01567,2026-04-12T03:13:50,2026-04-12T05:00:58,107.133333
MILL LANE SPS,SVT01567,2026-04-15T14:01:51,2026-04-15T14:15:39,13.8
MILL LANE SPS,SVT01567,2026-04-15T14:32:57,2026-04-15T15:08:45,35.8
MILL LANE SPS,SVT01567,2026-04-15T15:54:56,2026-04-15T16:06:37,11.683333
MILL STREET CSO,SVT01569,2026-04-15T14:40:21,2026-04-15T15:11:45,31.4
MINCHINHAMPTON - RO SMALL HOUSE (CSO),SVT01574,2026-04-15T16:11:22,2026-04-15T16:14:49,3.45
MINCHINHAMPTON - RO SMALL HOUSE (CSO),SVT01574,2026-04-15T16:19:19,2026-04-15T16:22:44,3.416667
NAILSWORTH OLD MARKET CSO,SVT01597,2026-04-15T16:14:12,2026-04-15T16:27:53,13.683333
NAPTON SEWAGE TREATMENT WORKS,SVT01599,2026-04-08T06:45:45,2026-04-08T11:06:28,260.716667
NEW ROAD CSO,SVT00798,2026-04-15T15:44:52,2026-04-15T15:48:46,3.9
NEW ROAD CSO,SVT02111,2026-04-15T15:55:33,2026-04-15T15:59:06,3.55
NEWARK - BOUNDARY ROAD CSO,SVT01622,2026-04-12T13:47:39,2026-04-12T14:05:28,17.816667
NEWCASTLE ROAD CSO,SVT01632,2026-04-12T02:57:20,2026-04-12T03:02:16,4.933333
NEWNHAM PUMPING STATION,SVT01636,2026-04-12T13:59:10,2026-04-12T14:14:40,15.5
NEWNHAM PUMPING STATION,SVT01636,2026-04-15T13:10:30,2026-04-15T13:34:43,24.216667
NEWNHAM PUMPING STATION,SVT01636,2026-04-15T15:21:03,2026-04-15T15:41:00,19.95
NEWQUAY AV/CHURCHFIELD LANE JCT CSO,SVT01641,2026-04-15T01:16:48,2026-04-15T01:42:43,25.916667
NEWTHORPE SEWAGE TREATMENT WORKS,SVT01644,2026-04-12T12:56:37,2026-04-12T13:22:24,25.783333
NEWTHORPE SEWAGE TREATMENT WORKS,SVT01644,2026-04-15T17:11:19,2026-04-15T17:46:05,34.766667
NEWTON SOLNEY (EAST) SPS,SVT01649,2026-04-27T18:18:56,2026-04-27T18:50:41,31.75
NORBURY SEWAGE TREATMENT WORKS,SVT01660,2026-04-16T07:10:57,2026-04-16T07:19:04,8.116667
NORTH CHURCH STREET CSO,SVT01663,2026-04-27T16:11:47,2026-04-27T16:27:12,15.416667
NORTH KILWORTH - CRANMER LANE (SSO),SVT00673,2026-04-12T16:13:35,2026-04-12T16:20:00,6.416667
NORTH WARREN ROAD PUMPING STATION,SVT01667,2026-04-12T12:49:18,2026-04-12T13:20:34,31.266667
NORTH WARREN ROAD PUMPING STATION,SVT01667,2026-04-15T17:51:35,2026-04-15T18:35:27,43.866667
NORTH WARREN ROAD PUMPING STATION,SVT01667,2026-04-17T17:00:09,2026-04-17T17:40:05,39.933333
NOTTINGHAM - COLWICK RD/TRENT LN (CSO),SVT01680,2026-04-12T12:50:54,2026-04-12T13:27:04,36.166667
NOTTINGHAM - HUCKNALL LANE/ASTON DRIVE (CSO),SVT01185,2026-04-12T12:41:16,2026-04-12T12:49:52,8.6
NOTTINGHAM ROAD / WELBY LANE CSO,SVT01692,2026-04-12T15:51:33,2026-04-12T15:56:16,4.716667
NOTTINGHAM ROAD HUCKNALL CSO,SVT01690,2026-04-04T22:35:26,2026-04-04T23:16:43,41.283333
NOTTINGHAM ROAD HUCKNALL CSO,SVT01690,2026-04-12T13:05:32,2026-04-12T14:11:07,65.583333
NOTTINGHAM ROAD HUCKNALL CSO,SVT01690,2026-04-15T17:06:45,2026-04-15T18:17:45,71.0
NUNEATON - ST MARYS ROAD O/F 2 (CSO),SVT01694,2026-04-02T07:50:07,2026-04-02T07:59:49,9.7
NUNEATON - ST MARYS ROAD O/F 2 (CSO),SVT01694,2026-04-02T08:20:10,2026-04-02T08:25:56,5.766667
NUNEATON - ST MARYS ROAD O/F 2 (CSO),SVT01694,2026-04-02T08:36:22,2026-04-02T08:41:53,5.516667
NUNEATON - ST MARYS ROAD O/F 2 (CSO),SVT01694,2026-04-02T08:49:24,2026-04-02T08:50:25,1.016667
NUNEATON - ST MARYS ROAD O/F 2 (CSO),SVT01694,2026-04-02T09:12:10,2026-04-02T09:15:45,3.583333
NUNEATON - ST MARYS ROAD O/F 2 (CSO),SVT01694,2026-04-02T09:17:19,2026-04-02T09:18:43,1.4
OCKBROOK - NOONING LANE (DRAYCOTT) (ESO),SVT01701,2026-04-12T13:06:13,2026-04-12T13:46:56,40.716667
OCKBROOK - NOONING LANE (DRAYCOTT) (ESO),SVT01701,2026-04-15T17:06:33,2026-04-15T18:20:29,73.933333
OCKBROOK - NOONING LANE (DRAYCOTT) (ESO),SVT01701,2026-04-27T17:53:02,2026-04-27T19:11:58,78.933333
OFF STONEY GATE ROAD CSO,SVT02128,2026-04-12T12:26:39,2026-04-12T12:43:21,16.7
OFF STONEY GATE ROAD CSO,SVT02128,2026-04-27T17:16:59,2026-04-27T18:17:28,60.483333
OPPOSITE THE LODGE CSO,SVT01725,2026-04-12T12:32:15,2026-04-12T12:37:05,4.833333
OPPOSITE THE LODGE CSO,SVT01725,2026-04-27T17:24:18,2026-04-27T17:58:06,33.8
ORCHARD WAY CSO,SVT01728,2026-04-15T15:28:46,2026-04-15T15:37:22,8.6
ORTON-ON-THE-HILL STW,SVT01731,2026-04-15T16:18:37,2026-04-15T16:23:39,5.033333
ORTON-ON-THE-HILL STW,SVT01731,2026-04-15T16:26:10,2026-04-15T16:56:55,30.75
OSMASTON PUMPING STATION,SVT01734,2026-04-17T20:49:56,2026-04-17T20:56:05,6.15
PADLEY HALL CSO,SVT01750,2026-04-12T15:08:13,2026-04-12T15:12:42,4.483333
PADLEY HALL CSO,SVT01750,2026-04-15T14:59:34,2026-04-15T15:07:51,8.283333
PASTURE LOCK CSO,SVT01764,2026-04-15T17:21:48,2026-04-15T17:35:01,13.216667
PEAR TREE ROAD,SVT01769,2026-04-15T16:29:11,2026-04-15T16:31:03,1.866667
PECK MILL LANE CSO,SVT01773,2026-04-03T16:49:34,2026-04-03T17:09:27,19.883333
PERSHORE - CHERRY ORCHARD  (CSO),SVT01790,2026-04-15T15:47:36,2026-04-15T15:48:18,0.7
PERSHORE ROAD CSO,SVT01792,2026-04-15T15:55:37,2026-04-15T16:14:33,18.933333
PONTESBURY SEWAGE TREATMENT WORKS,SVT01809,2026-04-12T03:47:09,2026-04-12T05:11:47,84.633333
PONTESBURY SEWAGE TREATMENT WORKS,SVT01809,2026-04-12T17:20:12,2026-04-12T18:12:43,52.516667
PONTESBURY SEWAGE TREATMENT WORKS,SVT01809,2026-04-12T18:20:55,2026-04-12T18:37:58,17.05
PRESTBURY LINDEN CLOSE CSO,SVT01822,2026-04-15T16:06:10,2026-04-15T16:24:51,18.683333
PROVIDENT STREET CSO,SVT01827,2026-04-27T17:29:07,2026-04-27T17:35:44,6.616667
QUARRY LANE PUMPING STATION,SVT01836,2026-04-08T12:08:34,2026-04-08T13:37:43,89.15
QUARRY PARK STORM SEWER OVERFLOW,SVT01837,2026-04-17T09:23:42,2026-04-17T09:24:31,0.816667
QUARRY PARK STORM SEWER OVERFLOW,SVT01837,2026-04-17T10:15:40,2026-04-17T10:16:25,0.75
QUARRY PARK STORM SEWER OVERFLOW,SVT01837,2026-04-17T23:15:40,2026-04-17T23:16:21,0.683333
QUARRY PARK STORM SEWER OVERFLOW,SVT01837,2026-04-17T23:25:40,2026-04-17T23:26:21,0.683333
QUARRY PARK STORM SEWER OVERFLOW,SVT01837,2026-04-17T23:33:40,2026-04-17T23:34:21,0.683333
QUARRY PARK STORM SEWER OVERFLOW,SVT01837,2026-04-17T23:45:40,2026-04-17T23:46:21,0.683333
QUARRY PARK STORM SEWER OVERFLOW,SVT01837,2026-04-18T00:11:40,2026-04-18T00:12:21,0.683333
QUARRY PARK STORM SEWER OVERFLOW,SVT01837,2026-04-18T00:19:40,2026-04-18T00:20:21,0.683333
QUARRY PARK STORM SEWER OVERFLOW,SVT01837,2026-04-18T00:25:40,2026-04-18T00:28:21,2.683333
QUARRY PARK STORM SEWER OVERFLOW,SVT01837,2026-04-18T00:45:40,2026-04-18T00:46:21,0.683333
QUARRY PARK STORM SEWER OVERFLOW,SVT01837,2026-04-18T00:53:40,2026-04-18T00:56:21,2.683333
QUARRY PARK STORM SEWER OVERFLOW,SVT01837,2026-04-18T01:03:40,2026-04-18T01:04:21,0.683333
QUARRY PARK STORM SEWER OVERFLOW,SVT01837,2026-04-18T01:09:40,2026-04-18T01:10:21,0.683333
QUARRY PARK STORM SEWER OVERFLOW,SVT01837,2026-04-18T01:13:40,2026-04-18T01:14:21,0.683333
QUARRY PARK STORM SEWER OVERFLOW,SVT01837,2026-04-18T01:19:40,2026-04-18T01:20:21,0.683333
QUARRY PARK STORM SEWER OVERFLOW,SVT01837,2026-04-18T01:29:40,2026-04-18T01:34:21,4.683333
QUARRY PARK STORM SEWER OVERFLOW,SVT01837,2026-04-18T01:43:40,2026-04-18T01:46:21,2.683333
QUARRY PARK STORM SEWER OVERFLOW,SVT01837,2026-04-18T05:51:40,2026-04-18T05:52:21,0.683333
QUARRY PARK STORM SEWER OVERFLOW,SVT01837,2026-04-18T06:37:40,2026-04-18T06:38:21,0.683333
QUARRY PARK STORM SEWER OVERFLOW,SVT01837,2026-04-18T06:49:40,2026-04-18T06:50:21,0.683333
QUARRY PARK STORM SEWER OVERFLOW,SVT01837,2026-04-18T06:55:40,2026-04-18T07:06:21,10.683333
QUARRY PARK STORM SEWER OVERFLOW,SVT01837,2026-04-18T14:35:38,2026-04-18T14:36:25,0.783333
QUARRY PARK STORM SEWER OVERFLOW,SVT01837,2026-04-18T14:47:36,2026-04-18T14:48:29,0.883333
QUARRY PARK STORM SEWER OVERFLOW,SVT01837,2026-04-23T13:03:39,2026-04-23T13:06:28,2.816667
QUARRY PARK STORM SEWER OVERFLOW,SVT01837,2026-04-30T11:21:38,2026-04-30T11:22:27,0.816667
QUARRY PARK STORM SEWER OVERFLOW,SVT01837,2026-04-30T11:27:34,2026-04-30T11:28:23,0.816667
QUEEN STREET CSO,SVT01842,2026-04-12T11:14:04,2026-04-12T11:42:16,28.2
QUEEN STREET CSO,SVT01842,2026-04-12T12:25:22,2026-04-12T12:46:55,21.55
QUEEN STREET CSO,SVT01842,2026-04-15T15:56:48,2026-04-15T16:08:55,12.116667
QUORN - SOAR ROAD (CSO),SVT02403,2026-04-12T13:59:23,2026-04-12T14:44:38,45.25
RANSKILL SEWAGE TREATMENT WORKS,SVT01863,2026-04-12T12:21:40,2026-04-12T13:05:00,43.333333
RANSKILL SEWAGE TREATMENT WORKS,SVT01863,2026-04-12T13:25:00,2026-04-12T13:56:24,31.4
RAVENSTONE SEWAGE TREATMENT WORKS,SVT01869,2026-04-11T06:51:45,2026-04-11T06:52:41,0.933333
RAVENSTONE SEWAGE TREATMENT WORKS,SVT01869,2026-04-11T06:56:59,2026-04-11T06:58:20,1.35
RAVENSTONE SEWAGE TREATMENT WORKS,SVT01869,2026-04-15T17:28:53,2026-04-15T17:45:13,16.333333
RAVENSTONE SEWAGE TREATMENT WORKS,SVT01869,2026-04-27T19:22:40,2026-04-27T19:31:16,8.6
RIVERSIDE TOWPATH CSO,SVT01894,2026-04-12T02:14:05,2026-04-12T02:50:30,36.416667
ROSEWAY STREET CSO,SVT01905,2026-04-12T18:43:35,2026-04-12T18:51:47,8.2
ROSEWAY STREET CSO,SVT01905,2026-04-15T16:42:54,2026-04-15T17:08:42,25.8
ROSEWAY STREET CSO,SVT01905,2026-04-27T17:57:06,2026-04-27T18:34:34,37.466667
ROUS LENCH SEWAGE TREATMENT WORKS,SVT01912,2026-04-15T16:01:30,2026-04-15T16:15:25,13.916667
SCHOOL LANE CSO,SVT02611,2026-04-12T13:43:24,2026-04-12T14:03:40,20.266667
SCHOOL LANE CSO,SVT02611,2026-04-15T16:54:35,2026-04-15T17:06:52,12.283333
SCREVETON - KNIGHTS CLOSE (CSO),SVT02700,2026-04-28T21:04:22,2026-04-28T21:06:54,2.533333
SCREVETON - KNIGHTS CLOSE (CSO),SVT02700,2026-04-28T21:16:49,2026-04-28T21:20:47,3.966667
SCREVETON - KNIGHTS CLOSE (CSO),SVT02700,2026-04-28T21:23:00,2026-04-28T21:25:14,2.233333
SELLY OAK MOOR GREEN LANE CSO,SVT01977,2026-04-15T16:13:55,2026-04-15T16:16:24,2.483333
SHREWSBURY - 5 SEVERN TERRACE (CSO),SVT00007,2026-04-11T12:26:19,2026-04-11T12:47:55,21.6
SHREWSBURY - 5 SEVERN TERRACE (CSO),SVT00007,2026-04-12T01:45:33,2026-04-12T03:04:46,79.216667
SHREWSBURY - 5 SEVERN TERRACE (CSO),SVT00007,2026-04-15T14:46:03,2026-04-15T15:17:56,31.883333
SHREWSBURY - 5 SEVERN TERRACE (CSO),SVT00007,2026-04-18T14:47:45,2026-04-18T15:07:06,19.35
SILVERDALE SEWAGE PUMPING STATION,SVT02050,2026-04-11T16:08:16,2026-04-11T16:25:28,17.2
SILVERDALE SEWAGE PUMPING STATION,SVT02050,2026-04-11T16:26:52,2026-04-11T16:37:49,10.95
SILVERDALE SEWAGE PUMPING STATION,SVT02050,2026-04-11T17:15:49,2026-04-11T17:16:12,0.383333
SILVERDALE SEWAGE PUMPING STATION,SVT02050,2026-04-15T15:36:18,2026-04-15T16:01:41,25.383333
SKEGBY SEWAGE TREATMENT WORKS,SVT02058,2026-04-12T15:15:50,2026-04-12T15:59:17,43.45
SMITHFIELD MARKET CAR PARK CSO,SVT02072,2026-04-11T18:44:03,2026-04-11T18:55:08,11.083333
SNARESTONE SEWAGE TREATMENT WORKS,SVT02076,2026-04-01T02:35:22,2026-04-01T02:50:00,14.633333
SNARESTONE SEWAGE TREATMENT WORKS,SVT02076,2026-04-01T08:31:00,2026-04-01T09:01:14,30.233333
SNARESTONE SEWAGE TREATMENT WORKS,SVT02076,2026-04-11T08:26:06,2026-04-11T08:29:55,3.816667
SNARESTONE SEWAGE TREATMENT WORKS,SVT02076,2026-04-15T17:58:12,2026-04-15T19:39:00,100.8
SNEINTON DALE/WATSON ST CSO,SVT02081,2026-04-12T12:46:44,2026-04-12T13:24:57,38.216667
SNEINTON DALE/WATSON ST CSO,SVT02081,2026-04-15T01:00:11,2026-04-15T01:19:22,19.183333
SNEINTON DALE/WATSON ST CSO,SVT02081,2026-04-15T17:02:18,2026-04-15T17:14:51,12.55
SNEYD LANE CSO,SVT02084,2026-04-15T15:56:12,2026-04-15T16:00:26,4.233333
SNITTERTON - SNITTERTON ROAD (SSO),SVT01711,2026-04-15T16:29:45,2026-04-15T16:39:00,9.25
STANTON UNDER BARDON SPS,SVT02168,2026-04-12T13:36:09,2026-04-12T13:47:06,10.95
STARCH LANE CSO,SVT02173,2026-04-12T12:32:22,2026-04-12T12:41:55,9.55
STARCH LANE CSO,SVT02173,2026-04-12T12:42:12,2026-04-12T12:44:32,2.333333
STARCH LANE CSO,SVT02173,2026-04-15T16:26:49,2026-04-15T17:32:17,65.466667
STATION APPROACH CSO,SVT02174,2026-04-27T17:16:13,2026-04-27T18:19:47,63.566667
STATION ROAD CSO,SVT01808,2026-04-12T01:22:42,2026-04-12T01:36:42,14.0
STATION ROAD CSO,SVT01808,2026-04-12T01:51:05,2026-04-12T02:17:36,26.516667
STATION ROAD CSO,SVT00738,2026-04-15T16:25:47,2026-04-15T16:32:12,6.416667
STATION ROAD CSO,SVT01808,2026-04-18T13:41:03,2026-04-18T14:01:07,20.066667
STATION ROAD/103 WALSALL ROAD CSO,SVT02189,2026-04-15T15:47:10,2026-04-15T16:09:35,22.416667
STOKE GOLDING SEWAGE PUMPING STN,SVT02201,2026-04-27T18:40:40,2026-04-27T19:20:45,40.083333
STOKE SAINT MILBOROUGH STW,SVT02205,2026-04-04T02:53:22,2026-04-04T03:20:00,26.633333
STOKE SAINT MILBOROUGH STW,SVT02205,2026-04-06T12:24:48,2026-04-06T12:35:41,10.883333
STROUD - BATH RD IND EST (SDC 10)  (CSO),SVT01598,2026-04-11T18:01:48,2026-04-11T18:02:13,0.416667
STROUD - BATH RD IND EST (SDC 10)  (CSO),SVT01598,2026-04-11T18:07:45,2026-04-11T18:08:16,0.516667
STROUD - BATH RD IND EST (SDC 10)  (CSO),SVT01598,2026-04-11T18:19:52,2026-04-11T18:20:06,0.233333
STROUD - BATH RD IND EST (SDC 10)  (CSO),SVT01598,2026-04-15T15:52:56,2026-04-15T16:07:05,14.15
SUTTON BONINGTON STW,SVT02249,2026-04-01T08:12:52,2026-04-01T08:21:28,8.6
SUTTON BONINGTON STW,SVT02249,2026-04-01T08:46:39,2026-04-01T08:53:43,7.066667
SUTTON BONINGTON STW,SVT02249,2026-04-01T09:10:50,2026-04-01T09:15:04,4.233333
SUTTON BONINGTON STW,SVT02249,2026-04-01T09:16:32,2026-04-01T09:19:46,3.233333
SUTTON BONINGTON STW,SVT02249,2026-04-01T09:29:17,2026-04-01T09:33:21,4.066667
SUTTON BONINGTON STW,SVT02249,2026-04-01T09:34:28,2026-04-01T09:37:57,3.483333
SUTTON BONINGTON STW,SVT02249,2026-04-01T10:02:43,2026-04-01T10:11:49,9.1
SUTTON BONINGTON STW,SVT02249,2026-04-01T10:28:39,2026-04-01T10:39:54,11.25
SUTTON BONINGTON STW,SVT02249,2026-04-01T10:40:07,2026-04-01T10:45:03,4.933333
SUTTON BONINGTON STW,SVT02249,2026-04-01T11:05:04,2026-04-01T11:07:49,2.75
SUTTON BONINGTON STW,SVT02249,2026-04-01T11:17:04,2026-04-01T11:21:47,4.716667
SUTTON BONINGTON STW,SVT02249,2026-04-01T11:22:22,2026-04-01T11:27:18,4.933333
SUTTON BONINGTON STW,SVT02249,2026-04-01T11:46:47,2026-04-01T12:01:19,14.533333
SUTTON BONINGTON STW,SVT02249,2026-04-01T12:19:07,2026-04-01T12:35:12,16.083333
SUTTON BONINGTON STW,SVT02249,2026-04-01T13:38:46,2026-04-01T13:41:37,2.85
SUTTON BONINGTON STW,SVT02249,2026-04-01T13:42:29,2026-04-01T13:47:18,4.816667
SUTTON BONINGTON STW,SVT02249,2026-04-01T18:36:17,2026-04-01T18:45:16,8.983333
SUTTON BONINGTON STW,SVT02249,2026-04-01T19:05:05,2026-04-01T19:10:48,5.716667
SUTTON BONINGTON STW,SVT02249,2026-04-02T08:34:38,2026-04-02T08:45:46,11.133333
SUTTON BONINGTON STW,SVT02249,2026-04-02T09:04:48,2026-04-02T09:07:41,2.883333
SUTTON BONINGTON STW,SVT02249,2026-04-02T09:16:26,2026-04-02T09:19:45,3.316667
SUTTON BONINGTON STW,SVT02249,2026-04-02T09:20:29,2026-04-02T09:27:04,6.583333
SUTTON BONINGTON STW,SVT02249,2026-04-02T09:44:42,2026-04-02T09:56:11,11.483333
SUTTON BONINGTON STW,SVT02249,2026-04-02T10:17:16,2026-04-02T10:27:43,10.45
SUTTON BONINGTON STW,SVT02249,2026-04-02T10:46:29,2026-04-02T10:51:36,5.116667
SUTTON BONINGTON STW,SVT02249,2026-04-02T11:02:54,2026-04-02T11:05:39,2.75
SUTTON BONINGTON STW,SVT02249,2026-04-02T11:06:22,2026-04-02T11:10:49,4.45
SUTTON BONINGTON STW,SVT02249,2026-04-02T11:37:39,2026-04-02T11:41:40,4.016667
SUTTON BONINGTON STW,SVT02249,2026-04-02T11:42:21,2026-04-02T11:46:52,4.516667
SUTTON BONINGTON STW,SVT02249,2026-04-02T11:48:38,2026-04-02T11:51:47,3.15
SUTTON BONINGTON STW,SVT02249,2026-04-02T12:16:47,2026-04-02T12:20:56,4.15
SUTTON BONINGTON STW,SVT02249,2026-04-02T12:34:55,2026-04-02T12:37:29,2.566667
SUTTON BONINGTON STW,SVT02249,2026-04-02T12:47:17,2026-04-02T12:51:46,4.483333
SUTTON BONINGTON STW,SVT02249,2026-04-02T12:52:20,2026-04-02T12:57:18,4.966667
SUTTON BONINGTON STW,SVT02249,2026-04-02T12:59:00,2026-04-02T13:01:50,2.833333
SUTTON BONINGTON STW,SVT02249,2026-04-02T13:19:42,2026-04-02T13:23:39,3.95
SUTTON BONINGTON STW,SVT02249,2026-04-02T13:26:31,2026-04-02T13:29:48,3.283333
SUTTON BONINGTON STW,SVT02249,2026-04-02T13:50:51,2026-04-02T13:53:20,2.483333
SUTTON BONINGTON STW,SVT02249,2026-04-02T17:35:04,2026-04-02T17:40:09,5.083333
SUTTON BONINGTON STW,SVT02249,2026-04-03T09:53:13,2026-04-03T09:57:14,4.016667
SUTTON BONINGTON STW,SVT02249,2026-04-03T09:58:34,2026-04-03T10:03:25,4.85
SUTTON BONINGTON STW,SVT02249,2026-04-03T10:27:13,2026-04-03T10:30:09,2.933333
SUTTON BONINGTON STW,SVT02249,2026-04-03T10:47:07,2026-04-03T10:49:18,2.183333
SUTTON BONINGTON STW,SVT02249,2026-04-03T11:08:15,2026-04-03T11:17:43,9.466667
SUTTON BONINGTON STW,SVT02249,2026-04-03T11:20:52,2026-04-03T11:23:09,2.283333
SUTTON BONINGTON STW,SVT02249,2026-04-03T11:46:12,2026-04-03T11:49:17,3.083333
SUTTON BONINGTON STW,SVT02249,2026-04-03T11:50:56,2026-04-03T11:53:18,2.366667
SUTTON BONINGTON STW,SVT02249,2026-04-03T12:46:46,2026-04-03T12:48:50,2.066667
SUTTON BONINGTON STW,SVT02249,2026-04-06T09:28:58,2026-04-06T09:31:55,2.95
SUTTON BONINGTON STW,SVT02249,2026-04-06T09:46:47,2026-04-06T09:49:43,2.933333
SUTTON BONINGTON STW,SVT02249,2026-04-06T10:02:50,2026-04-06T10:07:43,4.883333
SUTTON BONINGTON STW,SVT02249,2026-04-06T10:08:21,2026-04-06T10:11:47,3.433333
SUTTON BONINGTON STW,SVT02249,2026-04-06T10:27:20,2026-04-06T10:31:44,4.4
SUTTON BONINGTON STW,SVT02249,2026-04-06T10:32:16,2026-04-06T10:41:51,9.583333
SUTTON BONINGTON STW,SVT02249,2026-04-06T11:01:15,2026-04-06T11:05:38,4.383333
SUTTON BONINGTON STW,SVT02249,2026-04-06T11:06:30,2026-04-06T11:11:35,5.083333
SUTTON BONINGTON STW,SVT02249,2026-04-06T11:12:26,2026-04-06T11:15:29,3.05
SUTTON BONINGTON STW,SVT02249,2026-04-07T10:15:03,2026-04-07T10:17:20,2.283333
SUTTON BONINGTON STW,SVT02249,2026-04-07T10:50:20,2026-04-07T10:53:37,3.283333
SUTTON BONINGTON STW,SVT02249,2026-04-07T10:56:34,2026-04-07T10:59:14,2.666667
SUTTON BONINGTON STW,SVT02249,2026-04-07T11:23:13,2026-04-07T11:27:08,3.916667
SUTTON BONINGTON STW,SVT02249,2026-04-07T12:15:02,2026-04-07T12:17:19,2.283333
SUTTON BONINGTON STW,SVT02249,2026-04-07T13:31:19,2026-04-07T13:35:01,3.7
SUTTON BONINGTON STW,SVT02249,2026-04-07T14:03:17,2026-04-07T14:19:43,16.433333
SUTTON BONINGTON STW,SVT02249,2026-04-07T14:33:24,2026-04-07T14:35:04,1.666667
SUTTON BONINGTON STW,SVT02249,2026-04-08T10:06:04,2026-04-08T10:09:01,2.95
SUTTON BONINGTON STW,SVT02249,2026-04-08T10:37:16,2026-04-08T10:38:54,1.633333
SUTTON BONINGTON STW,SVT02249,2026-04-08T11:15:23,2026-04-08T11:16:54,1.516667
SUTTON BONINGTON STW,SVT02249,2026-04-08T11:21:13,2026-04-08T11:23:01,1.8
SUTTON BONINGTON STW,SVT02249,2026-04-12T14:02:36,2026-04-12T15:55:01,112.416667
SUTTON BONINGTON STW,SVT02249,2026-04-12T16:08:38,2026-04-12T16:11:16,2.633333
SUTTON BONINGTON STW,SVT02249,2026-04-12T16:12:30,2026-04-12T16:15:55,3.416667
SUTTON BONINGTON STW,SVT02249,2026-04-12T16:27:05,2026-04-12T16:49:39,22.566667
SUTTON BONINGTON STW,SVT02249,2026-04-12T17:06:34,2026-04-12T17:09:49,3.25
SUTTON BONINGTON STW,SVT02249,2026-04-12T17:10:14,2026-04-12T17:15:35,5.35
SUTTON BONINGTON STW,SVT02249,2026-04-12T17:16:26,2026-04-12T17:27:27,11.016667
SUTTON BONINGTON STW,SVT02249,2026-04-12T17:44:38,2026-04-12T17:49:43,5.083333
SUTTON BONINGTON STW,SVT02249,2026-04-12T17:50:13,2026-04-12T17:57:09,6.933333
SUTTON BONINGTON STW,SVT02249,2026-04-12T18:40:45,2026-04-12T18:43:30,2.75
SUTTON BONINGTON STW,SVT02249,2026-04-12T18:56:48,2026-04-12T19:01:35,4.783333
SUTTON BONINGTON STW,SVT02249,2026-04-12T19:02:31,2026-04-12T19:06:41,4.166667
SUTTON BONINGTON STW,SVT02249,2026-04-12T19:26:53,2026-04-12T19:29:53,3.0
SUTTON BONINGTON STW,SVT02249,2026-04-12T19:30:11,2026-04-12T19:35:37,5.433333
SUTTON BONINGTON STW,SVT02249,2026-04-12T19:57:12,2026-04-12T19:59:08,1.933333
SUTTON BONINGTON STW,SVT02249,2026-04-13T09:31:10,2026-04-13T09:35:19,4.15
SUTTON BONINGTON STW,SVT02249,2026-04-15T07:52:56,2026-04-15T07:57:17,4.35
SUTTON BONINGTON STW,SVT02249,2026-04-15T09:06:18,2026-04-15T09:09:14,2.933333
SUTTON BONINGTON STW,SVT02249,2026-04-15T15:50:16,2026-04-15T15:53:50,3.566667
SUTTON BONINGTON STW,SVT02249,2026-04-15T16:10:16,2026-04-15T16:15:51,5.583333
SUTTON BONINGTON STW,SVT02249,2026-04-15T16:16:11,2026-04-15T16:27:51,11.666667
SUTTON BONINGTON STW,SVT02249,2026-04-15T16:44:49,2026-04-15T16:49:19,4.5
SUTTON BONINGTON STW,SVT02249,2026-04-15T17:11:28,2026-04-15T18:51:12,99.733333
SUTTON BONINGTON STW,SVT02249,2026-04-15T19:02:55,2026-04-15T19:09:56,7.016667
SUTTON BONINGTON STW,SVT02249,2026-04-15T19:12:02,2026-04-15T19:23:05,11.05
SUTTON BONINGTON STW,SVT02249,2026-04-15T19:40:52,2026-04-15T19:57:50,16.966667
SUTTON BONINGTON STW,SVT02249,2026-04-15T20:14:23,2026-04-15T20:17:29,3.1
SUTTON BONINGTON STW,SVT02249,2026-04-15T20:21:05,2026-04-15T20:23:08,2.05
SUTTON BONINGTON STW,SVT02249,2026-04-15T20:26:56,2026-04-15T20:29:22,2.433333
SUTTON BONINGTON STW,SVT02249,2026-04-16T07:27:16,2026-04-16T07:29:27,2.183333
SUTTON BONINGTON STW,SVT02249,2026-04-17T08:10:53,2026-04-17T08:13:16,2.383333
SUTTON BONINGTON STW,SVT02249,2026-04-17T08:35:09,2026-04-17T08:39:05,3.933333
SUTTON BONINGTON STW,SVT02249,2026-04-20T09:22:35,2026-04-20T09:48:38,26.05
SUTTON ON TRENT (CROMWELL) WWTW,SVT02251,2026-04-01T01:40:25,2026-04-01T01:48:41,8.266667
SUTTON ON TRENT (CROMWELL) WWTW,SVT02251,2026-04-01T06:38:26,2026-04-01T06:53:29,15.05
SUTTON ON TRENT (CROMWELL) WWTW,SVT02251,2026-04-01T07:10:48,2026-04-01T07:27:07,16.316667
SUTTON ON TRENT (CROMWELL) WWTW,SVT02251,2026-04-01T07:46:21,2026-04-01T09:12:38,86.283333
SUTTON ON TRENT (CROMWELL) WWTW,SVT02251,2026-04-01T09:24:17,2026-04-01T09:41:28,17.183333
SUTTON ON TRENT (CROMWELL) WWTW,SVT02251,2026-04-01T10:26:44,2026-04-01T10:56:53,30.15
SUTTON ON TRENT (CROMWELL) WWTW,SVT02251,2026-04-01T11:02:48,2026-04-01T12:22:30,79.7
SUTTON ON TRENT (CROMWELL) WWTW,SVT02251,2026-04-01T12:48:29,2026-04-01T13:08:52,20.383333
SUTTON ON TRENT (CROMWELL) WWTW,SVT02251,2026-04-01T14:04:50,2026-04-01T14:30:51,26.016667
SUTTON ON TRENT (CROMWELL) WWTW,SVT02251,2026-04-01T14:50:12,2026-04-01T15:08:57,18.75
SUTTON ON TRENT (CROMWELL) WWTW,SVT02251,2026-04-01T15:25:46,2026-04-01T15:33:14,7.466667
SUTTON ON TRENT (CROMWELL) WWTW,SVT02251,2026-04-01T16:38:09,2026-04-01T17:04:13,26.066667
SUTTON ON TRENT (CROMWELL) WWTW,SVT02251,2026-04-01T17:21:22,2026-04-01T17:37:20,15.966667
SUTTON ON TRENT (CROMWELL) WWTW,SVT02251,2026-04-01T18:05:47,2026-04-01T18:27:02,21.25
SUTTON ON TRENT (CROMWELL) WWTW,SVT02251,2026-04-01T18:34:28,2026-04-01T19:03:14,28.766667
SUTTON ON TRENT (CROMWELL) WWTW,SVT02251,2026-04-01T19:26:47,2026-04-01T19:36:56,10.15
SUTTON ON TRENT (CROMWELL) WWTW,SVT02251,2026-04-01T19:59:09,2026-04-01T20:24:52,25.716667
SUTTON ON TRENT (CROMWELL) WWTW,SVT02251,2026-04-01T21:02:38,2026-04-01T22:22:29,79.85
SUTTON ON TRENT (CROMWELL) WWTW,SVT02251,2026-04-01T23:29:01,2026-04-01T23:35:12,6.183333
SUTTON ON TRENT (CROMWELL) WWTW,SVT02251,2026-04-02T07:05:03,2026-04-02T07:44:19,39.266667
SUTTON ON TRENT (CROMWELL) WWTW,SVT02251,2026-04-02T08:13:51,2026-04-02T09:13:03,59.2
SUTTON ON TRENT (CROMWELL) WWTW,SVT02251,2026-04-02T09:17:06,2026-04-02T09:57:10,40.066667
SUTTON ON TRENT (CROMWELL) WWTW,SVT02251,2026-04-02T10:07:32,2026-04-02T10:28:14,20.7
SUTTON ON TRENT (CROMWELL) WWTW,SVT02251,2026-04-02T10:55:33,2026-04-02T11:07:27,11.9
SUTTON ON TRENT (CROMWELL) WWTW,SVT02251,2026-04-02T12:40:42,2026-04-02T12:46:39,5.95
SUTTON ON TRENT (CROMWELL) WWTW,SVT02251,2026-04-02T15:21:55,2026-04-02T15:41:03,19.133333
SUTTON ON TRENT (CROMWELL) WWTW,SVT02251,2026-04-02T15:49:51,2026-04-02T16:06:06,16.25
SUTTON ON TRENT (CROMWELL) WWTW,SVT02251,2026-04-02T17:29:01,2026-04-02T17:35:12,6.183333
SUTTON ON TRENT (CROMWELL) WWTW,SVT02251,2026-04-02T17:59:01,2026-04-02T18:58:35,59.566667
SUTTON ON TRENT (CROMWELL) WWTW,SVT02251,2026-04-02T19:02:44,2026-04-02T19:58:51,56.116667
SUTTON ON TRENT (CROMWELL) WWTW,SVT02251,2026-04-02T20:00:54,2026-04-02T20:25:48,24.9
SUTTON ON TRENT (CROMWELL) WWTW,SVT02251,2026-04-02T21:38:10,2026-04-02T21:53:57,15.783333
SUTTON ON TRENT (CROMWELL) WWTW,SVT02251,2026-04-02T22:55:19,2026-04-02T23:08:09,12.833333
SUTTON ON TRENT (CROMWELL) WWTW,SVT02251,2026-04-03T08:04:47,2026-04-03T11:44:09,219.366667
SUTTON ON TRENT (CROMWELL) WWTW,SVT02251,2026-04-03T11:46:06,2026-04-03T12:44:50,58.733333
SUTTON ON TRENT (CROMWELL) WWTW,SVT02251,2026-04-03T13:05:20,2026-04-03T13:23:27,18.116667
SUTTON ON TRENT (CROMWELL) WWTW,SVT02251,2026-04-03T13:37:10,2026-04-03T13:51:15,14.083333
SUTTON ON TRENT (CROMWELL) WWTW,SVT02251,2026-04-03T14:13:55,2026-04-03T14:44:03,30.133333
SUTTON ON TRENT (CROMWELL) WWTW,SVT02251,2026-04-03T15:23:26,2026-04-03T15:37:45,14.316667
SUTTON ON TRENT (CROMWELL) WWTW,SVT02251,2026-04-03T15:58:33,2026-04-03T16:01:00,2.45
SUTTON ON TRENT (CROMWELL) WWTW,SVT02251,2026-04-03T16:27:51,2026-04-03T16:36:30,8.65
SUTTON ON TRENT (CROMWELL) WWTW,SVT02251,2026-04-03T17:27:32,2026-04-03T17:37:27,9.916667
SUTTON ON TRENT (CROMWELL) WWTW,SVT02251,2026-04-03T18:39:20,2026-04-03T20:28:13,108.883333
SUTTON ON TRENT (CROMWELL) WWTW,SVT02251,2026-04-03T20:32:32,2026-04-03T20:52:30,19.966667
SUTTON ON TRENT (CROMWELL) WWTW,SVT02251,2026-04-03T21:04:14,2026-04-03T21:23:43,19.483333
SUTTON ON TRENT (CROMWELL) WWTW,SVT02251,2026-04-03T22:28:18,2026-04-03T22:32:55,4.616667
SUTTON ON TRENT (CROMWELL) WWTW,SVT02251,2026-04-03T23:03:04,2026-04-03T23:20:14,17.166667
SUTTON ON TRENT (CROMWELL) WWTW,SVT02251,2026-04-03T23:59:19,2026-04-04T00:00:10,0.85
SUTTON ON TRENT (CROMWELL) WWTW,SVT02251,2026-04-04T07:39:28,2026-04-04T07:50:53,11.416667
SUTTON ON TRENT (CROMWELL) WWTW,SVT02251,2026-04-04T08:04:36,2026-04-04T09:42:07,97.516667
SUTTON ON TRENT (CROMWELL) WWTW,SVT02251,2026-04-04T09:48:00,2026-04-04T11:38:27,110.45
SUTTON ON TRENT (CROMWELL) WWTW,SVT02251,2026-04-04T11:49:54,2026-04-04T12:46:38,56.733333
SUTTON ON TRENT (CROMWELL) WWTW,SVT02251,2026-04-04T13:04:17,2026-04-04T14:09:46,65.483333
SUTTON ON TRENT (CROMWELL) WWTW,SVT02251,2026-04-04T15:18:03,2026-04-04T15:36:53,18.833333
SUTTON ON TRENT (CROMWELL) WWTW,SVT02251,2026-04-04T15:51:36,2026-04-04T16:09:28,17.866667
SUTTON ON TRENT (CROMWELL) WWTW,SVT02251,2026-04-04T16:18:54,2026-04-04T16:40:34,21.666667
SUTTON ON TRENT (CROMWELL) WWTW,SVT02251,2026-04-04T16:53:45,2026-04-04T17:28:39,34.9
SUTTON ON TRENT (CROMWELL) WWTW,SVT02251,2026-04-04T17:31:25,2026-04-04T19:42:19,130.9
SUTTON ON TRENT (CROMWELL) WWTW,SVT02251,2026-04-04T20:02:38,2026-04-04T21:10:56,68.3
SUTTON ON TRENT (CROMWELL) WWTW,SVT02251,2026-04-04T22:17:50,2026-04-04T22:40:50,23.0
SUTTON ON TRENT (CROMWELL) WWTW,SVT02251,2026-04-04T22:50:23,2026-04-04T23:11:31,21.133333
SUTTON ON TRENT (CROMWELL) WWTW,SVT02251,2026-04-04T23:34:17,2026-04-04T23:50:17,16.0
SUTTON ON TRENT (CROMWELL) WWTW,SVT02251,2026-04-05T00:42:51,2026-04-05T00:46:02,3.183333
SUTTON ON TRENT (CROMWELL) WWTW,SVT02251,2026-04-05T07:58:34,2026-04-05T08:06:50,8.266667
SUTTON ON TRENT (CROMWELL) WWTW,SVT02251,2026-04-05T08:47:50,2026-04-05T10:13:58,86.133333
SUTTON ON TRENT (CROMWELL) WWTW,SVT02251,2026-04-05T10:15:56,2026-04-05T11:11:34,55.633333
SUTTON ON TRENT (CROMWELL) WWTW,SVT02251,2026-04-05T11:20:55,2026-04-05T12:20:41,59.766667
SUTTON ON TRENT (CROMWELL) WWTW,SVT02251,2026-04-05T12:33:23,2026-04-05T12:58:22,24.983333
SUTTON ON TRENT (CROMWELL) WWTW,SVT02251,2026-04-05T13:04:28,2026-04-05T13:29:30,25.033333
SUTTON ON TRENT (CROMWELL) WWTW,SVT02251,2026-04-05T13:46:55,2026-04-05T14:36:49,49.9
SUTTON ON TRENT (CROMWELL) WWTW,SVT02251,2026-04-05T16:58:20,2026-04-05T17:02:25,4.083333
SUTTON ON TRENT (CROMWELL) WWTW,SVT02251,2026-04-05T17:21:30,2026-04-05T17:53:40,32.166667
SUTTON ON TRENT (CROMWELL) WWTW,SVT02251,2026-04-05T18:18:47,2026-04-05T18:49:19,30.533333
SUTTON ON TRENT (CROMWELL) WWTW,SVT02251,2026-04-05T19:04:02,2026-04-05T19:31:03,27.016667
SUTTON ON TRENT (CROMWELL) WWTW,SVT02251,2026-04-05T20:19:50,2026-04-05T20:45:47,25.95
SUTTON ON TRENT (CROMWELL) WWTW,SVT02251,2026-04-05T21:08:18,2026-04-05T21:34:32,26.233333
SUTTON ON TRENT (CROMWELL) WWTW,SVT02251,2026-04-05T21:58:15,2026-04-05T22:08:22,10.116667
SUTTON ON TRENT (CROMWELL) WWTW,SVT02251,2026-04-06T07:58:05,2026-04-06T08:08:00,9.916667
SUTTON ON TRENT (CROMWELL) WWTW,SVT02251,2026-04-06T08:37:16,2026-04-06T10:24:28,107.2
SUTTON ON TRENT (CROMWELL) WWTW,SVT02251,2026-04-06T10:31:28,2026-04-06T11:24:53,53.416667
SUTTON ON TRENT (CROMWELL) WWTW,SVT02251,2026-04-06T12:05:10,2026-04-06T13:07:54,62.733333
SUTTON ON TRENT (CROMWELL) WWTW,SVT02251,2026-04-06T14:49:43,2026-04-06T15:13:35,23.866667
SUTTON ON TRENT (CROMWELL) WWTW,SVT02251,2026-04-06T15:49:33,2026-04-06T16:08:44,19.183333
SUTTON ON TRENT (CROMWELL) WWTW,SVT02251,2026-04-06T16:57:59,2026-04-06T17:04:25,6.433333
SUTTON ON TRENT (CROMWELL) WWTW,SVT02251,2026-04-06T18:52:32,2026-04-06T19:07:29,14.95
SUTTON ON TRENT (CROMWELL) WWTW,SVT02251,2026-04-06T20:04:21,2026-04-06T20:20:54,16.55
SUTTON ON TRENT (CROMWELL) WWTW,SVT02251,2026-04-06T20:40:59,2026-04-06T20:55:28,14.483333
SUTTON ON TRENT (CROMWELL) WWTW,SVT02251,2026-04-06T21:11:21,2026-04-06T21:15:32,4.183333
SUTTON ON TRENT (CROMWELL) WWTW,SVT02251,2026-04-06T21:59:15,2026-04-06T22:03:08,3.883333
SUTTON ON TRENT (CROMWELL) WWTW,SVT02251,2026-04-07T07:11:06,2026-04-07T07:36:56,25.833333
SUTTON ON TRENT (CROMWELL) WWTW,SVT02251,2026-04-07T08:01:40,2026-04-07T08:27:05,25.416667
SUTTON ON TRENT (CROMWELL) WWTW,SVT02251,2026-04-07T08:41:36,2026-04-07T09:56:36,75.0
SUTTON ON TRENT (CROMWELL) WWTW,SVT02251,2026-04-07T10:03:07,2026-04-07T10:23:35,20.466667
SUTTON ON TRENT (CROMWELL) WWTW,SVT02251,2026-04-07T11:17:56,2026-04-07T11:33:21,15.416667
SUTTON ON TRENT (CROMWELL) WWTW,SVT02251,2026-04-07T13:08:39,2026-04-07T13:39:01,30.366667
SUTTON ON TRENT (CROMWELL) WWTW,SVT02251,2026-04-07T16:33:51,2026-04-07T16:47:06,13.25
SUTTON ON TRENT (CROMWELL) WWTW,SVT02251,2026-04-07T17:42:36,2026-04-07T17:48:02,5.433333
SUTTON ON TRENT (CROMWELL) WWTW,SVT02251,2026-04-07T18:34:55,2026-04-07T18:55:38,20.716667
SUTTON ON TRENT (CROMWELL) WWTW,SVT02251,2026-04-07T19:05:57,2026-04-07T19:38:12,32.25
SUTTON ON TRENT (CROMWELL) WWTW,SVT02251,2026-04-07T20:21:40,2026-04-07T20:40:47,19.116667
SUTTON ON TRENT (CROMWELL) WWTW,SVT02251,2026-04-08T07:43:02,2026-04-08T07:50:43,7.683333
SUTTON ON TRENT (CROMWELL) WWTW,SVT02251,2026-04-08T08:50:10,2026-04-08T09:12:30,22.333333
SUTTON ON TRENT (CROMWELL) WWTW,SVT02251,2026-04-08T09:27:10,2026-04-08T09:52:37,25.45
SUTTON ON TRENT (CROMWELL) WWTW,SVT02251,2026-04-08T10:10:19,2026-04-08T10:23:05,12.766667
SUTTON ON TRENT (CROMWELL) WWTW,SVT02251,2026-04-08T10:37:31,2026-04-08T10:41:21,3.833333
SUTTON ON TRENT (CROMWELL) WWTW,SVT02251,2026-04-08T10:55:31,2026-04-08T11:01:00,5.483333
SUTTON ON TRENT (CROMWELL) WWTW,SVT02251,2026-04-08T11:02:29,2026-04-08T11:08:49,6.333333
SUTTON ON TRENT (CROMWELL) WWTW,SVT02251,2026-04-08T11:31:19,2026-04-08T11:36:42,5.383333
SUTTON ON TRENT (CROMWELL) WWTW,SVT02251,2026-04-08T12:11:57,2026-04-08T12:14:12,2.25
SUTTON ON TRENT (CROMWELL) WWTW,SVT02251,2026-04-08T13:10:56,2026-04-08T13:16:04,5.133333
SUTTON ON TRENT (CROMWELL) WWTW,SVT02251,2026-04-08T17:18:49,2026-04-08T17:21:08,2.316667
SUTTON ON TRENT (CROMWELL) WWTW,SVT02251,2026-04-08T18:10:41,2026-04-08T18:17:22,6.683333
SUTTON ON TRENT (CROMWELL) WWTW,SVT02251,2026-04-08T19:00:55,2026-04-08T19:10:07,9.2
SUTTON ON TRENT (CROMWELL) WWTW,SVT02251,2026-04-08T19:14:15,2026-04-08T19:19:35,5.333333
SUTTON ON TRENT (CROMWELL) WWTW,SVT02251,2026-04-08T19:26:33,2026-04-08T19:31:47,5.233333
SUTTON ON TRENT (CROMWELL) WWTW,SVT02251,2026-04-08T19:36:29,2026-04-08T19:43:13,6.733333
SUTTON ON TRENT (CROMWELL) WWTW,SVT02251,2026-04-08T19:57:46,2026-04-08T19:58:41,0.916667
SUTTON ON TRENT (CROMWELL) WWTW,SVT02251,2026-04-08T20:08:25,2026-04-08T20:15:46,7.35
SUTTON ON TRENT (CROMWELL) WWTW,SVT02251,2026-04-08T20:20:39,2026-04-08T20:25:58,5.316667
SUTTON ON TRENT (CROMWELL) WWTW,SVT02251,2026-04-08T20:35:42,2026-04-08T20:37:00,1.3
SUTTON ON TRENT (CROMWELL) WWTW,SVT02251,2026-04-08T20:48:20,2026-04-08T20:51:43,3.383333
SUTTON ON TRENT (CROMWELL) WWTW,SVT02251,2026-04-08T21:22:02,2026-04-08T21:29:51,7.816667
SUTTON ON TRENT (CROMWELL) WWTW,SVT02251,2026-04-08T22:07:59,2026-04-08T22:08:04,0.083333
SUTTON ON TRENT (CROMWELL) WWTW,SVT02251,2026-04-08T22:17:40,2026-04-08T22:21:54,4.233333
SUTTON ON TRENT (CROMWELL) WWTW,SVT02251,2026-04-09T07:37:22,2026-04-09T07:43:18,5.933333
SUTTON ON TRENT (CROMWELL) WWTW,SVT02251,2026-04-09T08:03:50,2026-04-09T08:04:34,0.733333
SUTTON ON TRENT (CROMWELL) WWTW,SVT02251,2026-04-09T08:12:56,2026-04-09T08:22:20,9.4
SUTTON ON TRENT (CROMWELL) WWTW,SVT02251,2026-04-09T08:26:34,2026-04-09T08:33:24,6.833333
SUTTON ON TRENT (CROMWELL) WWTW,SVT02251,2026-04-09T08:40:59,2026-04-09T08:48:37,7.633333
SUTTON ON TRENT (CROMWELL) WWTW,SVT02251,2026-04-09T09:16:11,2026-04-09T09:23:56,7.75
SUTTON ON TRENT (CROMWELL) WWTW,SVT02251,2026-04-09T09:31:18,2026-04-09T09:40:05,8.783333
SUTTON ON TRENT (CROMWELL) WWTW,SVT02251,2026-04-09T09:44:37,2026-04-09T09:53:15,8.633333
SUTTON ON TRENT (CROMWELL) WWTW,SVT02251,2026-04-09T10:13:12,2026-04-09T10:24:05,10.883333
SUTTON ON TRENT (CROMWELL) WWTW,SVT02251,2026-04-09T11:17:32,2026-04-09T11:19:11,1.65
SUTTON ON TRENT (CROMWELL) WWTW,SVT02251,2026-04-09T18:10:50,2026-04-09T18:14:28,3.633333
SUTTON ON TRENT (CROMWELL) WWTW,SVT02251,2026-04-09T18:33:09,2026-04-09T18:36:07,2.966667
SUTTON ON TRENT (CROMWELL) WWTW,SVT02251,2026-04-09T18:56:19,2026-04-09T18:59:58,3.65
SUTTON ON TRENT (CROMWELL) WWTW,SVT02251,2026-04-09T19:33:33,2026-04-09T19:34:06,0.55
SUTTON ON TRENT (CROMWELL) WWTW,SVT02251,2026-04-09T20:48:57,2026-04-09T20:52:07,3.166667
SUTTON ON TRENT (CROMWELL) WWTW,SVT02251,2026-04-10T07:51:08,2026-04-10T07:53:30,2.366667
SUTTON ON TRENT (CROMWELL) WWTW,SVT02251,2026-04-10T08:05:24,2026-04-10T08:11:48,6.4
SUTTON ON TRENT (CROMWELL) WWTW,SVT02251,2026-04-10T08:14:06,2026-04-10T08:23:09,9.05
SUTTON ON TRENT (CROMWELL) WWTW,SVT02251,2026-04-10T08:42:22,2026-04-10T08:47:48,5.433333
SUTTON ON TRENT (CROMWELL) WWTW,SVT02251,2026-04-10T09:01:26,2026-04-10T09:11:06,9.666667
SUTTON ON TRENT (CROMWELL) WWTW,SVT02251,2026-04-10T09:16:25,2026-04-10T09:25:41,9.266667
SUTTON ON TRENT (CROMWELL) WWTW,SVT02251,2026-04-10T09:30:31,2026-04-10T09:39:55,9.4
SUTTON ON TRENT (CROMWELL) WWTW,SVT02251,2026-04-10T10:06:10,2026-04-10T10:17:30,11.333333
SUTTON ON TRENT (CROMWELL) WWTW,SVT02251,2026-04-10T10:35:31,2026-04-10T10:43:55,8.4
SUTTON ON TRENT (CROMWELL) WWTW,SVT02251,2026-04-10T10:53:46,2026-04-10T10:54:30,0.733333
SUTTON ON TRENT (CROMWELL) WWTW,SVT02251,2026-04-10T11:15:37,2026-04-10T11:25:56,10.316667
SUTTON ON TRENT (CROMWELL) WWTW,SVT02251,2026-04-10T11:31:41,2026-04-10T11:32:30,0.816667
SUTTON ON TRENT (CROMWELL) WWTW,SVT02251,2026-04-10T12:15:43,2026-04-10T12:16:47,1.066667
SUTTON ON TRENT (CROMWELL) WWTW,SVT02251,2026-04-10T15:57:03,2026-04-10T16:02:49,5.766667
SUTTON ON TRENT (CROMWELL) WWTW,SVT02251,2026-04-10T16:21:10,2026-04-10T16:39:11,18.016667
SUTTON ON TRENT (CROMWELL) WWTW,SVT02251,2026-04-10T18:13:39,2026-04-10T18:20:09,6.5
SUTTON ON TRENT (CROMWELL) WWTW,SVT02251,2026-04-10T18:33:28,2026-04-10T18:50:56,17.466667
SUTTON ON TRENT (CROMWELL) WWTW,SVT02251,2026-04-10T19:10:33,2026-04-10T19:49:14,38.683333
SUTTON ON TRENT (CROMWELL) WWTW,SVT02251,2026-04-10T21:24:13,2026-04-10T21:38:08,13.916667
SUTTON ON TRENT (CROMWELL) WWTW,SVT02251,2026-04-11T08:27:26,2026-04-11T08:51:41,24.25
SUTTON ON TRENT (CROMWELL) WWTW,SVT02251,2026-04-11T09:07:54,2026-04-11T10:31:42,83.8
SUTTON ON TRENT (CROMWELL) WWTW,SVT02251,2026-04-11T11:42:08,2026-04-11T11:51:36,9.466667
SUTTON ON TRENT (CROMWELL) WWTW,SVT02251,2026-04-11T12:22:49,2026-04-11T12:47:41,24.866667
SUTTON ON TRENT (CROMWELL) WWTW,SVT02251,2026-04-11T17:58:17,2026-04-11T18:33:44,35.45
SUTTON ON TRENT (CROMWELL) WWTW,SVT02251,2026-04-11T19:56:38,2026-04-11T20:02:41,6.05
SUTTON ON TRENT (CROMWELL) WWTW,SVT02251,2026-04-11T20:42:00,2026-04-11T20:48:14,6.233333
SUTTON ON TRENT (CROMWELL) WWTW,SVT02251,2026-04-12T08:49:47,2026-04-12T09:37:43,47.933333
SUTTON ON TRENT (CROMWELL) WWTW,SVT02251,2026-04-12T10:03:30,2026-04-12T10:52:29,48.983333
SUTTON ON TRENT (CROMWELL) WWTW,SVT02251,2026-04-12T11:38:49,2026-04-12T11:50:02,11.216667
SUTTON ON TRENT (CROMWELL) WWTW,SVT02251,2026-04-12T12:24:14,2026-04-12T12:31:04,6.833333
SUTTON ON TRENT (CROMWELL) WWTW,SVT02251,2026-04-12T13:45:54,2026-04-12T14:25:59,40.083333
SUTTON ON TRENT (CROMWELL) WWTW,SVT02251,2026-04-12T14:34:52,2026-04-12T14:56:54,22.033333
SUTTON ON TRENT (CROMWELL) WWTW,SVT02251,2026-04-12T15:04:03,2026-04-12T15:23:59,19.933333
SUTTON ON TRENT (CROMWELL) WWTW,SVT02251,2026-04-12T15:37:49,2026-04-12T16:13:12,35.383333
SUTTON ON TRENT (CROMWELL) WWTW,SVT02251,2026-04-12T16:22:34,2026-04-12T16:31:39,9.083333
SUTTON ON TRENT (CROMWELL) WWTW,SVT02251,2026-04-12T17:04:05,2026-04-12T17:38:02,33.95
SUTTON ON TRENT (CROMWELL) WWTW,SVT02251,2026-04-12T17:54:34,2026-04-12T19:25:56,91.366667
SUTTON ON TRENT (CROMWELL) WWTW,SVT02251,2026-04-12T20:06:05,2026-04-12T20:26:41,20.6
SUTTON ON TRENT (CROMWELL) WWTW,SVT02251,2026-04-13T07:19:02,2026-04-13T07:39:33,20.516667
SUTTON ON TRENT (CROMWELL) WWTW,SVT02251,2026-04-13T09:11:21,2026-04-13T09:18:45,7.4
SUTTON ON TRENT (CROMWELL) WWTW,SVT02251,2026-04-13T10:06:39,2026-04-13T10:22:15,15.6
SUTTON ON TRENT (CROMWELL) WWTW,SVT02251,2026-04-15T08:44:37,2026-04-15T08:45:27,0.833333
SUTTON ON TRENT (CROMWELL) WWTW,SVT02251,2026-04-15T18:12:13,2026-04-15T18:51:04,38.85
SUTTON ON TRENT (CROMWELL) WWTW,SVT02251,2026-04-16T09:55:43,2026-04-16T10:04:45,9.033333
SUTTON ON TRENT (CROMWELL) WWTW,SVT02251,2026-04-16T11:35:55,2026-04-16T11:55:41,19.766667
SUTTON ON TRENT (CROMWELL) WWTW,SVT02251,2026-04-16T12:10:50,2026-04-16T12:16:59,6.15
SUTTON ON TRENT (CROMWELL) WWTW,SVT02251,2026-04-16T12:41:59,2026-04-16T12:47:03,5.066667
SUTTON ON TRENT (CROMWELL) WWTW,SVT02251,2026-04-17T07:35:15,2026-04-17T07:47:24,12.15
SUTTON ON TRENT (CROMWELL) WWTW,SVT02251,2026-04-17T08:17:13,2026-04-17T08:47:17,30.066667
SUTTON ON TRENT (CROMWELL) WWTW,SVT02251,2026-04-17T18:23:33,2026-04-17T18:36:04,12.516667
SUTTON ON TRENT (CROMWELL) WWTW,SVT02251,2026-04-17T18:58:26,2026-04-17T19:01:33,3.116667
SUTTON ON TRENT (CROMWELL) WWTW,SVT02251,2026-04-18T10:11:57,2026-04-18T10:17:05,5.133333
SUTTON ON TRENT (CROMWELL) WWTW,SVT02251,2026-04-18T10:38:05,2026-04-18T10:49:24,11.316667
SUTTON ON TRENT (CROMWELL) WWTW,SVT02251,2026-04-18T11:17:01,2026-04-18T11:37:20,20.316667
SUTTON ON TRENT (CROMWELL) WWTW,SVT02251,2026-04-18T19:05:53,2026-04-18T19:21:22,15.483333
SUTTON ON TRENT (CROMWELL) WWTW,SVT02251,2026-04-19T09:22:53,2026-04-19T09:36:55,14.033333
SUTTON ON TRENT (CROMWELL) WWTW,SVT02251,2026-04-19T10:27:11,2026-04-19T10:31:58,4.783333
SUTTON ON TRENT (CROMWELL) WWTW,SVT02251,2026-04-19T11:10:49,2026-04-19T11:18:12,7.383333
SUTTON ON TRENT (CROMWELL) WWTW,SVT02251,2026-04-19T11:53:06,2026-04-19T12:06:04,12.966667
SUTTON ON TRENT (CROMWELL) WWTW,SVT02251,2026-04-19T17:10:26,2026-04-19T17:20:07,9.683333
SUTTON ON TRENT (CROMWELL) WWTW,SVT02251,2026-04-19T18:07:51,2026-04-19T18:22:35,14.733333
SUTTON ON TRENT (CROMWELL) WWTW,SVT02251,2026-04-19T20:53:31,2026-04-19T21:06:25,12.9
SUTTON ON TRENT (CROMWELL) WWTW,SVT02251,2026-04-20T08:22:37,2026-04-20T08:36:57,14.333333
SUTTON-IN-ASHFIELD INLET SPS NO 2,SVT02254,2026-04-12T17:34:45,2026-04-12T18:03:26,28.683333
SWANWICK - HICKTON ROAD SPS,SVT01114,2026-04-12T15:14:07,2026-04-12T15:17:25,3.3
SWITHLAND - MAIN STREET (CSO),SVT02267,2026-04-12T14:42:15,2026-04-12T15:36:18,54.05
TANSLEY OLD COACH ROAD (POND) CSO,SVT02272,2026-04-03T22:07:29,2026-04-03T22:12:29,5.0
TANSLEY OLD COACH ROAD (POND) CSO,SVT02272,2026-04-03T23:15:29,2026-04-03T23:22:30,7.016667
TANSLEY OLD COACH ROAD (POND) CSO,SVT02272,2026-04-03T23:27:30,2026-04-03T23:28:44,1.233333
TANSLEY OLD COACH ROAD (POND) CSO,SVT02272,2026-04-03T23:31:18,2026-04-03T23:36:25,5.116667
TANSLEY OLD COACH ROAD (POND) CSO,SVT02272,2026-04-03T23:39:32,2026-04-03T23:48:31,8.983333
TANSLEY OLD COACH ROAD (POND) CSO,SVT02272,2026-04-03T23:57:28,2026-04-04T00:00:53,3.416667
TANSLEY OLD COACH ROAD (POND) CSO,SVT02272,2026-04-04T00:07:30,2026-04-04T00:12:28,4.966667
TANSLEY OLD COACH ROAD (POND) CSO,SVT02272,2026-04-06T13:35:58,2026-04-06T13:42:06,6.133333
TANSLEY OLD COACH ROAD (POND) CSO,SVT02272,2026-04-06T13:54:56,2026-04-06T13:58:02,3.1
TANSLEY OLD COACH ROAD (POND) CSO,SVT02272,2026-04-06T16:45:59,2026-04-06T16:52:04,6.083333
TANSLEY OLD COACH ROAD (POND) CSO,SVT02272,2026-04-06T16:56:58,2026-04-06T16:58:06,1.133333
TANSLEY OLD COACH ROAD (POND) CSO,SVT02272,2026-04-06T17:01:53,2026-04-06T17:17:14,15.35
TANSLEY OLD COACH ROAD (POND) CSO,SVT02272,2026-04-06T17:18:36,2026-04-06T17:21:35,2.983333
TANSLEY OLD COACH ROAD (POND) CSO,SVT02272,2026-04-06T17:23:08,2026-04-06T17:25:19,2.183333
TANSLEY OLD COACH ROAD (POND) CSO,SVT02272,2026-04-06T17:26:12,2026-04-06T17:36:06,9.9
TANSLEY OLD COACH ROAD (POND) CSO,SVT02272,2026-04-06T17:50:41,2026-04-06T17:52:30,1.816667
TANSLEY OLD COACH ROAD CSO,SVT02273,2026-04-02T11:13:03,2026-04-02T11:17:21,4.3
TANSLEY OLD COACH ROAD CSO,SVT02273,2026-04-14T09:51:30,2026-04-14T10:09:24,17.9
TANSLEY OLD COACH ROAD CSO,SVT02273,2026-04-14T12:41:36,2026-04-14T13:10:09,28.55
TANSLEY OLD COACH ROAD CSO,SVT02273,2026-04-15T08:24:15,2026-04-15T08:52:16,28.016667
TANSLEY OLD COACH ROAD CSO,SVT02273,2026-04-16T07:37:50,2026-04-16T07:52:57,15.116667
TANSLEY OLD COACH ROAD CSO,SVT02273,2026-04-16T08:55:21,2026-04-16T09:04:14,8.883333
TANSLEY OLD COACH ROAD CSO,SVT02273,2026-04-16T10:22:18,2026-04-16T10:44:10,21.866667
TANSLEY OLD COACH ROAD CSO,SVT02273,2026-04-16T10:46:23,2026-04-16T11:03:14,16.85
TANSLEY OLD COACH ROAD CSO,SVT02273,2026-04-16T11:22:07,2026-04-16T11:56:07,34.0
TANSLEY OLD COACH ROAD CSO,SVT02273,2026-04-16T12:11:44,2026-04-16T12:18:38,6.9
TANSLEY OLD COACH ROAD CSO,SVT02273,2026-04-16T12:38:13,2026-04-16T12:59:54,21.683333
TANSLEY OLD COACH ROAD CSO,SVT02273,2026-04-16T13:00:02,2026-04-16T14:08:41,68.65
TANSLEY OLD COACH ROAD CSO,SVT02273,2026-04-16T14:34:31,2026-04-16T14:55:09,20.633333
TANSLEY OLD COACH ROAD CSO,SVT02273,2026-04-17T11:24:15,2026-04-17T11:35:00,10.75
TANSLEY OLD COACH ROAD CSO,SVT02273,2026-04-21T14:55:56,2026-04-21T15:06:09,10.216667
TANSLEY OLD COACH ROAD CSO,SVT02273,2026-04-22T08:07:43,2026-04-22T09:06:27,58.733333
TANSLEY OLD COACH ROAD CSO,SVT02273,2026-04-22T09:28:28,2026-04-22T09:31:31,3.05
TANSLEY OLD COACH ROAD CSO,SVT02273,2026-04-23T08:10:51,2026-04-23T08:18:56,8.083333
TANSLEY OLD COACH ROAD CSO,SVT02273,2026-04-23T11:12:48,2026-04-23T13:10:05,117.283333
TANSLEY OLD COACH ROAD CSO,SVT02273,2026-04-23T14:42:00,2026-04-23T15:10:14,28.233333
TANSLEY OLD COACH ROAD CSO,SVT02273,2026-04-23T15:18:23,2026-04-23T16:07:04,48.683333
TANSLEY OLD COACH ROAD CSO,SVT02273,2026-04-23T16:23:51,2026-04-23T16:38:47,14.933333
TANSLEY OLD COACH ROAD CSO,SVT02273,2026-04-27T12:10:41,2026-04-27T16:10:01,239.333333
TANSLEY OLD COACH ROAD CSO,SVT02273,2026-04-28T07:57:27,2026-04-28T08:40:29,43.033333
TANSLEY OLD COACH ROAD CSO,SVT02273,2026-04-28T09:27:11,2026-04-28T09:32:31,5.333333
TANSLEY OLD COACH ROAD CSO,SVT02273,2026-04-28T10:04:54,2026-04-28T10:25:08,20.233333
TANSLEY OLD COACH ROAD CSO,SVT02273,2026-04-28T10:36:13,2026-04-28T11:04:40,28.45
TANSLEY OLD COACH ROAD CSO,SVT02273,2026-04-30T10:50:46,2026-04-30T11:09:26,18.666667
TEAN ROAD WTW CSO,SVT02274,2026-04-12T11:14:55,2026-04-12T11:47:58,33.05
TEAN ROAD WTW CSO,SVT02274,2026-04-12T12:37:24,2026-04-12T12:54:55,17.516667
THE CRESCENT CSO,SVT02283,2026-04-03T15:05:40,2026-04-03T15:45:43,40.05
THE CRESCENT CSO,SVT02283,2026-04-03T16:19:20,2026-04-03T17:02:44,43.4
THE CRESCENT CSO,SVT02283,2026-04-11T06:31:22,2026-04-11T06:57:31,26.15
THE CRESCENT CSO,SVT02283,2026-04-11T16:41:12,2026-04-11T17:09:14,28.033333
THE CRESCENT CSO,SVT02283,2026-04-15T14:39:34,2026-04-15T15:27:49,48.25
THE CRESCENT CSO,SVT02283,2026-04-15T16:29:22,2026-04-15T16:59:51,30.483333
THE CRESCENT CSO,SVT02283,2026-04-27T15:56:07,2026-04-27T17:01:46,65.65
THE POST OFFICE CSO,SVT02300,2026-04-27T16:23:19,2026-04-27T17:25:04,61.75
TICKHILL SEWAGE TREATMENT WORKS,SVT02318,2026-04-17T17:14:27,2026-04-17T17:15:51,1.4
TICKNALL SPS,SVT02320,2026-04-27T17:13:52,2026-04-27T17:47:23,33.516667
TIDESWELL STW,SVT02324,2026-04-27T16:28:46,2026-04-27T19:00:45,151.983333
TITTENSOR COMBINED SEWER OVERFLOW,SVT02328,2026-04-12T10:50:52,2026-04-12T11:27:09,36.283333
TITTENSOR COMBINED SEWER OVERFLOW,SVT02328,2026-04-15T15:31:09,2026-04-15T15:46:45,15.6
TOLL ROAD COMBINED SEWER OVERFLOW,SVT02332,2026-04-12T12:39:54,2026-04-12T12:58:27,18.55
TOLL ROAD COMBINED SEWER OVERFLOW,SVT02332,2026-04-12T15:13:07,2026-04-12T15:35:02,21.916667
TOLL ROAD COMBINED SEWER OVERFLOW,SVT02332,2026-04-15T14:59:48,2026-04-15T15:20:00,20.2
TOLL ROAD COMBINED SEWER OVERFLOW,SVT02332,2026-04-15T16:45:49,2026-04-15T17:20:00,34.183333
TOLLERTON - LOTHIAN ROAD SPS,SVT02333,2026-04-12T14:06:26,2026-04-12T14:49:09,42.716667
TUTNALLS STREET - HAMS ROAD CSO,SVT02354,2026-04-15T15:21:16,2026-04-15T15:25:16,4.0
TWO DALES - CHESTERFIELD RD CSO,SVT02355,2026-04-15T16:25:22,2026-04-15T16:28:53,3.516667
TWO DALES - CHESTERFIELD RD CSO,SVT02355,2026-04-15T16:36:51,2026-04-15T16:40:00,3.15
UTTOXETER NEW ROAD CSO,SVT02377,2026-04-28T08:54:36,2026-04-28T08:57:16,2.666667
UTTOXETER NEW ROAD CSO,SVT02377,2026-04-28T09:00:50,2026-04-28T09:03:49,2.983333
UTTOXETER NEW ROAD CSO,SVT02377,2026-04-28T21:55:29,2026-04-28T21:56:29,1.0
UTTOXETER NEW ROAD CSO,SVT02377,2026-04-28T22:29:41,2026-04-28T22:30:14,0.55
UTTOXETER NEW ROAD CSO,SVT02377,2026-04-28T22:44:06,2026-04-28T22:46:39,2.55
UTTOXETER NEW ROAD CSO,SVT02377,2026-04-28T23:29:03,2026-04-28T23:30:16,1.216667
UTTOXETER NEW ROAD CSO,SVT02377,2026-04-28T23:41:19,2026-04-28T23:44:57,3.633333
UTTOXETER NEW ROAD CSO,SVT02377,2026-04-28T23:46:38,2026-04-28T23:49:34,2.933333
VARIOUS CSO'S - AREAS OF CARLTON,SVT00481,2026-04-15T16:59:49,2026-04-15T17:14:50,15.016667
VARIOUS CSO'S -SUTTON-IN-ASHFIELD,SVT02393,2026-04-12T15:21:38,2026-04-12T15:44:28,22.833333
VARIOUS CSO'S-MELTON MOWBRAY AREA,SVT02395,2026-04-12T15:50:47,2026-04-12T16:03:36,12.816667
VARIOUS CSOS AND ANSTEY PS,SVT02392,2026-04-15T17:09:33,2026-04-15T17:48:29,38.933333
VARIOUS PS'S & CSO'S QUORN/BARROW,SVT02402,2026-04-12T14:04:13,2026-04-12T14:27:49,23.6
VICARAGE ROAD CSO,SVT01055,2026-04-15T15:53:41,2026-04-15T15:56:22,2.683333
VICARY LANE CSO,SVT02412,2026-04-12T13:48:55,2026-04-12T14:16:42,27.783333
VICARY LANE CSO,SVT02412,2026-04-12T14:35:38,2026-04-12T14:41:56,6.3
VICARY LANE CSO,SVT02412,2026-04-15T17:01:14,2026-04-15T17:14:32,13.3
VICTORIA AVE / CRESCENT LN CSO,SVT02413,2026-04-18T15:12:25,2026-04-18T15:20:47,8.366667
VICTORIA AVE / CRESCENT LN CSO,SVT02413,2026-04-18T15:31:25,2026-04-18T15:32:26,1.016667
VICTORIA AVENUE STORM SEWER OF,SVT02414,2026-04-16T10:07:38,2026-04-16T10:16:26,8.8
VICTORIA AVENUE STORM SEWER OF,SVT02414,2026-04-16T10:19:58,2026-04-16T10:25:25,5.45
WARMSWORTH WASTEWATER TREATMENT WKS,SVT02447,2026-04-15T15:42:32,2026-04-15T15:58:33,16.016667
WARMSWORTH WASTEWATER TREATMENT WKS,SVT02447,2026-04-15T17:17:41,2026-04-15T17:46:33,28.866667
WATLING STREET CSO,SVT02473,2026-04-15T14:16:50,2026-04-15T14:35:56,19.1
WELFORD-ON-AVON - BOAT LANE (SSO),SVT02483,2026-04-15T16:21:03,2026-04-15T16:40:00,18.95
WELLGATE COMBINED SEWER OVERFLOW,SVT02488,2026-04-11T18:54:58,2026-04-11T19:21:37,26.65
WELLGATE COMBINED SEWER OVERFLOW,SVT02488,2026-04-12T09:23:13,2026-04-12T10:01:03,37.833333
WELLGATE COMBINED SEWER OVERFLOW,SVT02488,2026-04-15T14:37:02,2026-04-15T15:27:03,50.016667
WELLINGTON ROAD CSO,SVT01045,2026-04-15T15:55:13,2026-04-15T15:58:23,3.166667
WELLOW ROAD CSO,SVT02495,2026-04-15T17:07:20,2026-04-15T17:20:07,12.783333
WESTON COYNEY - PARK AVE/HORTON DRIVE (CSO),SVT02711,2026-04-21T07:54:19,2026-04-21T08:01:44,7.416667
WESTOVER ROAD CSO,SVT02526,2026-04-12T14:28:47,2026-04-12T15:02:05,33.3
WIDE STREET CSO,SVT02551,2026-04-15T16:41:31,2026-04-15T16:49:55,8.4
WILMORTON COLLEGE/HARROW STREET CSO,SVT02567,2026-04-27T17:22:53,2026-04-27T18:28:18,65.416667
WIRKSWORTH SEWAGE TREATMENT WORKS,SVT02577,2026-04-27T19:14:26,2026-04-27T20:52:30,98.066667
WOLVERHAMPTON - BILSTON ROAD 2 CSO,SVT02590,2026-04-12T09:10:00,2026-04-12T09:24:06,14.1
WOODGARR AVENUE STORM OVERFLOW,SVT02608,2026-04-12T16:28:13,2026-04-12T16:53:37,25.4
WORCESTER ROAD CSO,SVT02633,2026-04-15T15:28:12,2026-04-15T15:32:15,4.05
WORCESTER STW,SVT02635,2026-04-15T17:04:15,2026-04-15T17:44:31,40.266667
WYMANS BROOK - COTTAGE RAKE AVE (CSO),SVT02714,2026-04-15T16:11:41,2026-04-15T16:12:10,0.483333
WYMANS BROOK - COTTAGE RAKE AVE (CSO),SVT02714,2026-04-15T16:23:42,2026-04-15T16:29:04,5.366667
